time,satsNumber,pdop,tdop,gdop
00:00,6,2.10382486459519,0.7410410556451834,2.23052032204163
00:01,6,2.0993210931373723,0.7351445384818968,2.2243170962232997
00:02,6,2.094760649233006,0.7292324643228022,2.2180627052897743
00:03,7,1.8377974373322559,0.6027774473819548,1.9341251437632758
00:04,7,1.8335268093373092,0.5999263515779686,1.9291791487252565
00:05,7,1.8291617107896359,0.597042775093141,1.9241342571426212
00:06,7,1.8247057662153965,0.5941304904954363,1.9189950945732157
00:07,7,1.8201626864558442,0.5911934255887994,1.9137664098906049
00:08,7,1.8155362645320299,0.5882356579547359,1.9084530691427435
00:09,7,1.8108303708599114,0.5852614083735764,1.903060048490343
00:10,7,1.8060489478181545,0.5822750330733255,1.897592426222134
00:11,7,1.8011960036760346,0.5792810147578026,1.8920553738507093
00:12,7,1.7962756058918572,0.5762839523718368,1.8864541462976152
00:13,7,1.791291873801944,0.5732885495749577,1.880794071189783
00:14,7,1.786248970721612,0.5702996018997404,1.8750805372919375
00:15,7,1.781151095491266,0.5673219825918988,1.8693189821166796
00:16,8,1.6840532111800306,0.5624086914768873,1.7754826820711367
00:17,8,1.6784473109579645,0.5593686593796933,1.769202835391764
00:18,8,1.672821049595195,0.5563533623792266,1.7629121724576753
00:19,8,1.6671784034227053,0.5533679571136013,1.7566160436473195
00:20,8,1.661523310761238,0.5504175935765194,1.750319753508356
00:21,8,1.655859661326061,0.5475073933750539,1.7440285444359
00:22,8,1.650191285464373,0.5446424270411303,1.737747580046024
00:23,8,1.6445219433036788,0.5418276905396222,1.7314819283616012
00:24,8,1.6388553138944433,0.5390680811384063,1.7252365449358813
00:25,8,1.6331949844333584,0.5363683728280295,1.7190162560454354
00:26,8,1.627544439655011,0.5337331914976773,1.7128257420876882
00:27,7,1.8983553802706676,0.5330239412357987,1.9717676515586555
00:28,7,1.890636427593588,0.5308110130172451,1.9637378727529393
00:29,7,1.8830185198286873,0.5287046141182926,1.9558341736987297
00:30,7,1.8755044267357184,0.5267102041942847,1.9480607007759436
00:31,7,1.868096832470693,0.5248329597702255,1.940421451939813
00:32,6,2.0965661037743013,0.5278990793187269,2.1620052880233467
00:33,6,2.0924449992396554,0.5270896040935555,2.1578112812724246
00:34,6,2.0883756032072003,0.5264866899010926,2.153717923664575
00:35,6,2.0843582507981533,0.526095130528918,2.149726820792953
00:36,6,2.080393249344614,0.5259189027355967,2.1458394078246523
00:37,6,2.076480868190419,0.5259611340366421,2.1420569344622815
00:38,7,1.9660607579966225,0.5123362501423755,2.0317193057467864
00:39,7,1.963535068084059,0.5137853421520635,2.0296416780816715
00:40,7,1.9610585141287729,0.515405216057333,2.0276570303125863
00:41,7,1.9586305217981126,0.5171962204982782,2.025765398908978
00:42,7,1.9562504826210287,0.5191580100403511,2.023966647488062
00:43,7,1.9539177519081177,0.5212895544013095,2.022260463132677
00:44,7,1.9516316476523914,0.5235891540893245,2.020646354609921
00:45,7,1.9493914503682022,0.5260544620865434,2.019123652441773
00:46,7,1.9471964038154541,0.5286825111055263,2.0176915107569546
00:47,6,2.2378209292104416,0.54371149818435,2.302925249431721
00:48,7,1.668504370242912,0.544209838230403,1.7550131570864242
00:49,7,1.6715863382874572,0.5473047192773984,1.75890401730526
00:50,6,1.7838251614099927,0.5505829715575995,1.8668620235701896
00:51,6,1.790732648409326,0.5539580570765545,1.8744580408958507
00:52,6,1.797756072059673,0.5574558173361184,1.8822018709238666
00:53,7,1.606608140994565,0.5603507289787543,1.7015236284509931
00:54,7,1.612346883681762,0.5638119382985155,1.708082660495744
00:55,7,1.6181637642080904,0.5673451859116088,1.7147403674530945
00:56,7,1.6240589546575352,0.5709482270647128,1.7214962579662103
00:57,7,1.6300326928778632,0.5746188039625337,1.7283498921566753
00:58,7,1.636085287807049,0.5783546597779673,1.7353008907580159
00:59,7,1.6422171243596622,0.5821535520147448,1.7423489437146344
01:00,8,1.6240504561679507,0.5749333153190913,1.7228140355950003
01:01,8,1.630608558208963,0.5788216035381679,1.7302944023566653
01:02,7,1.7426387253871807,0.6188824736719777,1.8492715439970961
01:03,7,1.7498719964981115,0.623611288723781,1.8576714035458537
01:04,7,1.7571431824413677,0.6283802397870161,1.86612268871984
01:05,7,1.7644517051109907,0.6331858269784066,1.874623725219387
01:06,7,1.7717971451120145,0.6380246374518393,1.8831730035826861
01:07,8,1.431557225589375,0.42850205589975493,1.4943125851198154
01:08,8,1.437412330124892,0.4264301316464383,1.4993321393110568
01:09,8,1.443889328267575,0.4243284966849533,1.5049488580625927
01:10,8,1.4510566306135477,0.42223829791471257,1.5112413855746063
01:11,8,1.4589842178313663,0.42021160394480256,1.5182927056305273
01:12,8,1.4677418512241094,0.41831276801688916,1.5261886232444297
01:13,8,1.4773967665286984,0.41661950752141413,1.535015641547942
01:14,8,1.4880108481572611,0.41522345816666695,1.5448581826321721
01:15,7,1.7608327544568392,0.578513865401728,1.8534320277879381
01:16,7,1.7617632344689784,0.5648970035405659,1.8501130557173275
01:17,7,1.763526018146002,0.5525307917009749,1.8480568964335484
01:18,7,1.7661750977197654,0.5416604714533391,1.847368545293677
01:19,7,1.7697543130250903,0.5325220326224738,1.8481369115136683
01:20,7,1.7742956567104715,0.5253295624149147,1.850431362296016
01:21,7,1.779818071025048,0.520262126417373,1.8542990713829441
01:22,7,1.7863268397586614,0.5174517663673665,1.8597634013386954
01:23,7,1.7938136239259292,0.5169743552008095,1.8668234521018767
01:24,7,1.8022571278361914,0.5188447962937968,1.8754547921710907
01:25,7,1.811624323324281,0.5230173826261697,1.8856112726087761
01:26,7,1.8218721132627385,0.5293912072314745,1.897227726810473
01:27,6,2.44116366838057,0.5989479791099569,2.51356693515434
01:28,6,2.4675029195807445,0.6235307288301966,2.545066055711524
01:29,6,2.4950304367212914,0.6505326075943431,2.578443242289645
01:30,6,2.5236705159468187,0.6795379938882126,2.6135578735120633
01:31,7,2.3675631843708698,0.704418464936766,2.4701337627205944
01:32,8,2.231561470894614,0.6990325139703887,2.3384852049925597
01:33,8,2.2639886789316086,0.7271785490828425,2.3779052505465224
01:34,7,6.016145751779555,4.789030866380274,7.68952705605476
01:35,7,5.997862405683917,4.768788015060128,7.662616561599411
01:36,7,5.97939611997031,4.747959802256451,7.635201388526639
01:37,7,5.960766397921574,4.726549319450518,7.607299423566099
01:38,7,5.941992860756605,4.704558868482407,7.578928242456115
01:39,6,7.742940310230624,6.391846124434686,10.040359631320236
01:40,6,7.720548776120945,6.369835338819573,10.009079660395221
01:41,6,7.6968046019285286,6.346226081144965,9.975739900041138
01:42,6,7.671749619872121,6.32104082019803,9.94038728021287
01:43,6,7.645427342016628,6.294302561404336,9.903070431767949
01:44,6,7.6178830686137315,6.266034844475284,9.863839775627449
01:45,7,6.7924578328215945,5.520910970966218,8.753167504394884
01:46,7,6.781892744982232,5.513627009078507,8.74037482031993
01:47,7,6.769696916268898,5.504847471354106,8.725373460260272
01:48,7,6.755844036401196,5.494547307149638,8.708127166887431
01:49,7,6.7403112034468595,5.482704300643628,8.688604120778399
01:50,8,6.385410573000053,5.138736927418326,8.19634585623335
01:51,8,6.38078764749508,5.137137798754845,8.191741925001152
01:52,8,6.374101135312063,5.1336957876111455,8.184375218849814
01:53,8,6.365329716376756,5.128388785620878,8.174215187690557
01:54,8,6.35445734368274,5.121199115377314,8.161238172729973
01:55,8,6.341473423570987,5.112113693769312,8.145427649907699
01:56,8,6.326372958196186,5.101124163464536,8.126774423919844
01:57,8,6.30915664800696,5.088226990582117,8.105276769906057
01:58,9,5.86880334410401,4.693114246170982,7.514530858235891
01:59,9,5.8310746027203,4.661666341813721,7.465424576331116
02:00,8,8.108984778671516,6.611474938081912,10.462659078724277
02:01,8,8.15397826559294,6.649461276640964,10.52153490823985
02:02,8,8.197597077885424,6.686154904122517,10.578528501321781
02:03,8,8.239728145411828,6.721459913648264,10.633491584661757
02:04,8,8.28025314673498,6.755276236360522,10.68626919011269
02:05,9,1.5666739815330957,0.6071725715873627,1.6802160266170458
02:06,9,1.5638519471796852,0.6006759251781962,1.675244602971869
02:07,9,1.5619143993352316,0.5954243641283469,1.6715581845237644
02:08,9,1.5609132601010371,0.591532476199365,1.6692396101092857
02:09,9,1.5608925640346187,0.5890999616440665,1.6683597817220381
02:10,9,1.561886614264821,0.5882062797572771,1.6689746622898507
02:11,10,1.3914004011376002,0.5881447474439704,1.5105989938536986
02:12,10,1.393320412847765,0.5895805167522803,1.5129266203594118
02:13,10,1.3961602892007527,0.5923117610326957,1.516606994378828
02:14,10,1.3999155853918461,0.5963260665566766,1.5216334722520903
02:15,9,1.4691724980159364,0.6015898332621067,1.5875698902444315
02:16,9,1.474109110103344,0.6080751305488439,1.5946012143735704
02:17,9,1.4798905545583458,0.6157208085283794,1.602868730597066
02:18,9,1.4864716495442372,0.6244364177148163,1.6123023304167485
02:19,9,1.4938001162004118,0.6341214430756045,1.622821244539475
02:20,9,1.5018183846440982,0.6446694347058649,1.634336911563521
02:21,8,11.066871307211533,9.131120184083183,14.347578065532636
02:22,8,11.090634449457493,9.151244426664332,14.37871506943678
02:23,8,11.101837848494366,9.16077216243133,14.39342037968178
02:24,8,11.100334077033903,9.15957986768286,14.391501658069641
02:25,8,11.08610032836055,9.147648412742308,14.372929136874736
02:26,8,11.05923943522168,9.125063914705533,14.337836947497465
02:27,8,11.019977434423186,9.092015700792878,14.286519945692179
02:28,8,10.968657799374927,9.048791484480263,14.219426192691143
02:29,9,7.82117522161723,6.338696750444601,10.067266676776585
02:30,9,7.846323336262837,6.359883431527589,10.100143917776712
02:31,9,7.865614178617652,6.3761475485460295,10.12537130023885
02:32,9,7.878899514777426,6.387365580694997,10.14275586935854
02:33,9,7.886069165129566,6.393445595920797,10.152154129307059
02:34,9,7.887053189284885,6.394329064529663,10.153474882822023
02:35,9,7.881823345156826,6.389992071523375,10.146681128250297
02:36,9,7.870393766664891,6.380445881636217,10.13179094192365
02:37,9,7.852820832871207,6.36573683449659,10.10887731052478
02:38,10,6.477658080039813,5.178436399569595,8.293145226407916
02:39,9,7.655318532296838,6.222083685930363,9.86500011280528
02:40,9,7.681436229304821,6.244582358183304,9.899458135322904
02:41,9,7.704241291537912,6.2642631876627535,9.929568327099847
02:42,9,7.723638345669558,6.281045559666308,9.95520580486918
02:43,9,7.739542779225433,6.294857874639769,9.976259724635021
02:44,8,7.775833453226704,6.319301787883268,10.01983837088524
02:45,7,8.076173324220884,6.605307471879206,10.433343776609695
02:46,7,8.063920654986731,6.594091182356063,10.4167583657848
02:47,7,8.050349446126486,6.581691412242943,10.398403149077339
02:48,6,8.489141336204304,6.6390410643772455,10.776937732052641
02:49,6,8.472204014035642,6.642019253202686,10.765438245392371
02:50,6,8.456777511224535,6.64545627873173,10.755425376380426
02:51,6,8.442750795051648,6.6492808618856944,10.746765884096693
02:52,6,8.430015104439313,6.65342312340052,10.739329304946175
02:53,6,8.41846403527543,6.657814596963032,10.732988023880392
02:54,6,8.407993587422306,6.662388223985813,10.727617303634553
02:55,6,8.398502180843117,6.667078334399202,10.723095280684669
02:56,6,8.389890647249715,6.671820617187261,10.719302935393385
02:57,6,8.382062202802368,6.67655208386938,10.716124042780983
02:58,6,8.374922406597182,6.681211027636583,10.713445109409776
02:59,6,8.368379108978335,6.685736980417959,10.71115530103608
03:00,6,8.362342393219363,6.6900706698937356,10.709146365122018
03:01,7,6.273998139412556,5.1937306679782145,8.144807603918563
03:02,7,6.272241639853802,5.191520985173553,8.142045524818275
03:03,8,1.8907709280527414,0.6593074906660934,2.0024237987044216
03:04,8,1.873916988838493,0.6412545863580421,1.9805989815161342
03:05,8,1.857557263849961,0.6238773387617224,1.959525943258257
03:06,8,1.8417450913442512,0.6073184510352592,1.9392938618111777
03:07,7,1.8806657207004014,0.5978479368920833,1.973404598318267
03:08,7,1.8680529040382932,0.5828673761065025,1.9568740456184652
03:09,7,1.856226242383681,0.5691392379670338,1.9415188217237391
03:10,7,1.8452421816850963,0.556842760101298,1.9274315989282746
03:11,7,1.8351537387156718,0.5461540405890696,1.9146993186330525
03:12,7,1.8260087951914066,0.5372378877647809,1.9034002911017784
03:13,6,2.083233490074413,0.5321618194156643,2.150129757994017
03:14,6,2.0742557041585745,0.5289492133961351,2.140636353187242
03:15,6,2.0663440508153577,0.5283903824309523,2.1328324201834397
03:16,7,1.9433917729941297,0.5207527951888236,2.011953045435763
03:17,7,1.9394008134945582,0.5273224867932428,2.0098120609801216
03:18,7,1.9364476987593742,0.5360818690048983,2.009281826998458
03:19,7,1.9345039187245503,0.5468340415321343,2.010306663307618
03:20,7,1.9335297793899968,0.5593522139186042,2.0128120396608256
03:21,7,1.933475564626997,0.5733927181744628,2.016706961426271
03:22,7,1.9342830670184863,0.5887069517959277,2.0218869549129828
03:23,7,1.9358873726555297,0.6050513499004818,2.0282374258512057
03:24,7,1.938218773766026,0.622194990393845,2.0356371535836817
03:25,7,1.9412046866438246,0.6399248353492644,2.0439616998233436
03:26,7,1.944771468080816,0.6580488670284882,2.0530865482143437
03:27,7,1.9488460473576787,0.6763975008583687,2.0628898408468386
03:28,7,1.953357318312464,0.6948236855968614,2.0732546315084566
03:29,7,1.9582372630516818,0.7132020706130816,2.0840706254661643
03:30,7,1.9634218024838521,0.7314275617367066,2.0952354169727667
03:31,6,12.87473208464168,10.712822757263094,16.748829740606833
03:32,6,12.909610857108971,10.729271495118414,16.786164520162025
03:33,6,12.93124639440196,10.734152439605136,16.80592639247877
03:34,6,12.93904957804871,10.727020427476951,16.807378475976268
03:35,7,9.957836096590256,8.04013652318462,12.798527065174458
03:36,7,10.10285433412,8.156315188323596,12.984342230075633
03:37,7,10.238478153462463,8.264214226751937,13.157646890100724
03:38,7,10.363276046434883,8.362671543319395,13.316597379062529
03:39,7,10.475833577950091,8.450543810500696,13.459375165515604
03:40,7,10.57479102704592,8.526737531978013,13.584235650375527
03:41,7,10.658883838164854,8.59024224443726,13.689560493076701
03:42,7,10.726983924836764,8.640164228492969,13.773910919525937
03:43,7,10.778139485681763,8.675758797388372,13.83607897792124
03:44,7,10.811610794348844,8.696459083727987,13.875133461103554
03:45,7,10.826899469186472,8.701899296613647,13.890457281323584
03:46,7,10.823769043346172,8.691930695475444,13.88177350048066
03:47,9,1.618832789716579,0.6612459216173765,1.7486754329826835
03:48,9,1.6127896010364011,0.6567486352307289,1.7413813675035628
03:49,9,1.6067675202178988,0.6522535381129725,1.7341097260577447
03:50,8,1.7108559433747923,0.6549069056331026,1.8319200621279237
03:51,8,1.7043007537431485,0.6500202002233352,1.8240524443962263
03:52,8,1.6977757329216896,0.6451469146025166,1.8162205209497353
03:53,8,1.6912812357757638,0.6402896885156799,1.8084255869973476
03:54,8,1.6848177427092574,0.635451296508849,1.8006690913054222
03:55,7,2.676480920865252,0.6580617138503483,2.7561921810699928
03:56,7,2.666112181939877,0.6497628802911098,2.7441475848234567
03:57,7,2.656006050181942,0.6417164980773098,2.7324289931318773
03:58,6,3.066891316208954,0.6489103213716995,3.134789777739588
03:59,6,3.0472110780693793,0.6392558319910565,3.113541933721678
04:00,6,3.027958554706371,0.630042828793602,3.0928121467579857
04:01,6,3.0091501649787293,0.6212806501094108,3.0726168588992486
04:02,6,2.9908012204830223,0.6129772919431644,3.0529711922782226
04:03,6,2.972925946102135,0.605139315706259,3.033888968373878
04:04,6,2.955537502860635,0.5977717613839536,3.0153827301892795
04:05,6,2.938648012856468,0.5908780686790432,2.997463767172365
04:06,6,2.922268586048519,0.584460008738013,2.980142142720721
04:07,6,2.906409348723984,0.5785176290131759,2.9634267241538463
04:08,7,2.5079710217870654,0.5285295377559518,2.563057182039483
04:09,7,2.510604067980418,0.5267916031260146,2.565276238396929
04:10,7,2.513425661843311,0.5253081111076778,2.567733858718228
04:11,8,2.196107999644515,0.5227174907221782,2.2574596167394723
04:12,9,1.6999794765239895,0.5176678101856944,1.7770509790957687
04:13,9,1.7038467226700382,0.5169875850894746,1.7805532335457082
04:14,9,1.707660116640148,0.5164097398981251,1.784035339735481
04:15,9,1.7114152204405852,0.5159358129966183,1.787493166389225
04:16,9,1.7151073663618124,0.5155668715449182,1.7909222420817623
04:17,8,1.747102628286204,0.5228017158099738,1.8236472322843622
04:18,8,1.7501150574827398,0.5224445817106609,1.8264312347818192
04:19,8,1.7530450167288103,0.5221874804664518,1.8291655462077825
04:20,8,1.7558879425284288,0.5220297778708205,1.8318453962331476
04:21,8,1.7586391491422513,0.5219703818956197,1.8344657904883483
04:22,8,1.7612938405119962,0.522007747247033,1.837021524319032
04:23,8,1.7638471234089361,0.5221398838424712,1.8395071984248954
04:24,9,1.5690367606690034,0.5067689928005908,1.648845404637683
04:25,9,1.5682552222289188,0.5064235835957288,1.6479955364230254
04:26,9,1.567397139363106,0.5061710981333964,1.6471013851822287
04:27,9,1.5664623377869036,0.5060103016199641,1.6461624102895613
04:28,9,1.565450626669654,0.5059396038185163,1.6451779682613215
04:29,9,1.564361800718723,0.5059570705764105,1.6441473172481196
04:30,8,1.6565379174524961,0.5175763232139481,1.7355123515289432
04:31,8,1.6526085981648921,0.5172098588036694,1.7316527413925236
04:32,8,1.6486482607117119,0.5169337620193336,1.7277909601173442
04:33,8,1.6446584373266049,0.5167456150747353,1.723927900513405
04:34,7,1.7384380357286728,0.5215519880659972,1.8149885069398541
04:35,7,1.7331179142798645,0.5220207062633364,1.8100285419201159
04:36,8,1.5662424537779365,0.5116346169094242,1.6476909313449488
04:37,8,1.5649484484375025,0.5131554011549149,1.6469341553326922
04:38,8,1.5635771750351228,0.5147252087012534,1.6461213876149488
04:39,7,1.7275228347497282,0.5642631085049323,1.8173409146886519
04:40,7,1.7286128706335928,0.5682129217134055,1.8196066555500932
04:41,7,1.729687657672892,0.5722546000117881,1.8218931692996125
04:42,6,2.162982977569148,0.5980632712509164,2.244142383556187
04:43,6,2.1631296590023448,0.6028045016870502,2.245551867339023
04:44,6,2.163280137475528,0.6076748674970998,2.2470090560083995
04:45,6,2.1634390670675123,0.6126688927835471,2.248517682629729
04:46,6,2.163610946084358,0.617781143159024,2.2500813022775246
04:47,6,2.16380010974387,0.6230062403307481,2.251703286496389
04:48,6,2.1640107236368356,0.6283388752630338,2.2533868185870873
04:49,6,2.164246777924356,0.6337738199171358,2.2551348896614396
04:50,6,2.1645120822329798,0.6393059375842661,2.2569502954126057
04:51,6,2.164810261207435,0.6449301918377288,2.258835633545047
04:52,6,2.1651447506809642,0.6506416541415291,2.2607933018092035
04:53,6,2.165518794423339,0.6564355101573954,2.2628254965852563
04:54,6,2.1659354414278784,0.6623070648064113,2.2649342119641935
04:55,6,2.166397543697179,0.6682517461384554,2.2671212392711304
04:56,6,2.1669077544909308,0.6742651080731116,2.2693881669819675
04:57,6,2.1674685269995844,0.6803428320815902,2.2717363809866997
04:58,6,2.168082113407487,0.6864807278717376,2.27416706515084
04:59,6,2.1687505643118326,0.6926747331492188,2.2766812021331035
05:00,6,2.169475728467993,0.6989209125277941,2.2792795744226755
05:01,7,1.9128621323805093,0.7020309270538702,2.037618453007193
05:02,7,1.9171482136679614,0.7079985182573455,2.043702320550831
05:03,7,1.9214431345111973,0.7139880688726834,2.049810401391494
05:04,7,1.9257480718096842,0.7199968790774808,2.0559428839245584
05:05,7,1.9300642282754172,0.7260224458813156,2.0621000259909485
05:06,7,1.934392822710822,0.7320624534833244,2.0682821442818593
05:07,7,1.9387350801848375,0.7381147632178108,2.0744896034493383
05:08,7,1.9430922221398816,0.7441774031678742,2.0807228049709514
05:09,6,10.878409019188936,9.380123895222923,14.364070003954424
05:10,7,1.99205208570543,0.6759562945835045,2.103613183156641
05:11,6,2.00842021303784,0.6863922959007387,2.1224717044075874
05:12,6,2.007794752497731,0.6814480109192966,2.120285631641004
05:13,6,2.0071914959354014,0.6764833536649127,2.1181235632373108
05:14,6,2.0066106387803666,0.6715003452398461,2.1159865238993807
05:15,6,2.00605244258769,0.6665014050112347,2.113875711884213
05:16,6,2.0055172406616464,0.6614893637195821,2.1117925042260284
05:17,6,2.005005443237732,0.6564674752626195,2.1097384609213083
05:18,6,2.0045175421423957,0.651439426946679,2.1077153279646685
05:19,7,1.8847438491814283,0.6460641809190512,1.9924001362411696
05:20,7,1.8814061066515468,0.641002428351048,1.9876048529065509
05:21,7,1.878070422876721,0.6359426568572002,1.9828190981768712
05:22,7,1.8747388343027034,0.6308896856679687,1.9780463827536723
05:23,7,1.8714134775624445,0.6258487204636566,1.9732904056190912
05:24,7,1.8680965867371955,0.6208253488004193,1.9685550464978931
05:25,7,1.8647904897184886,0.6158255330779293,1.9638443568000077
05:26,7,1.8614976036549826,0.6108556008755258,1.9591625490331939
05:27,7,1.8582204294814406,0.6059222324975947,1.9545139846972337
05:28,7,1.8549615455323634,0.6010324455686245,1.9499031606800414
05:29,8,1.7078189622172848,0.5633862008946228,1.7983463568143372
05:30,8,1.7053321705543545,0.5592609521889756,1.7946951341581514
05:31,8,1.7028969145244368,0.5552473491437371,1.7911330269491417
05:32,8,1.7005153282257974,0.5513509029836644,1.787663335125435
05:33,8,1.698189498082721,0.5475771831158257,1.7842893103046675
05:34,8,1.6959214572255399,0.5439317920283512,1.7810141446538745
05:35,8,1.6937131796889513,0.5404203377522216,1.777840959284121
05:36,8,1.6915665744644046,0.5370484040385999,1.7747727922541654
05:37,8,1.6894834794479767,0.5338215184550632,1.7718125862780498
05:38,8,1.6770893174281016,0.5361247161022354,1.7606982392923436
05:39,8,1.6740247482560544,0.5328613694188703,1.7567868672074882
05:40,8,1.6710238141552016,0.5297538960089389,1.7529859605286195
05:41,8,1.668087810212707,0.5268066781774893,1.749297635839203
05:42,8,1.6652179637813107,0.5240238969579522,1.745723893255452
05:43,8,1.6624154273472715,0.5214094990704669,1.7422666038247783
05:44,8,1.659681271804825,0.5189671645326247,1.7389274975808262
05:45,8,1.6570164802057112,0.5167002753841539,1.7357081523848947
05:46,8,1.6544219420485002,0.514611885995443,1.7326099836776072
05:47,9,1.5507490399012118,0.504362438876284,1.6307066120255242
05:48,9,1.5494708333306495,0.5026709926749614,1.6289683822036598
05:49,9,1.5482687178787453,0.5011768196928671,1.6273641962877734
05:50,9,1.5471423613797186,0.4998809305756077,1.6258937330369247
05:51,9,1.5460913229220583,0.49878385899084177,1.6245564677180895
05:52,9,1.5451150526178323,0.49788565492248127,1.6233516720673298
05:53,9,1.5442128922022376,0.4971858822791711,1.6222784156800327
05:54,9,1.5433840764595483,0.4966836208774208,1.6213355688187436
05:55,9,1.5426277354602078,0.49637747277585764,1.6205218066075
05:56,9,1.541942897585671,0.4962655728545252,1.6198356145657267
05:57,9,1.4340314577676725,0.4916177527317518,1.5159598400578738
05:58,9,1.434675018316994,0.4924332565345012,1.5168331880348747
05:59,9,1.4353612052967195,0.4933944631988994,1.5177944149278524
06:00,8,1.5894487600449119,0.5158965779114569,1.6710764913399565
06:01,8,1.592053020516968,0.5185438655043587,1.674371691288826
06:02,8,1.5947547256808359,0.5213754041590913,1.6778185084041166
06:03,8,1.5975536510179333,0.5243877248058901,1.6814161156025078
06:04,8,1.6004495168662003,0.5275771402860797,1.685163581077425
06:05,8,1.6034419944838518,0.5309397791085984,1.6890598801446441
06:06,7,1.7119593427623627,0.5631943086539655,1.8022188048546044
06:07,7,1.7153403381673278,0.5670004402115528,1.8066217022232676
06:08,7,1.7188024647334148,0.570927111714054,1.8111431968963179
06:09,7,1.7223453376484457,0.5749696124101652,1.8157817923182382
06:10,7,1.7259686080059997,0.5791233439308878,1.8205360428477821
06:11,8,1.6881576867171155,0.5675056923831882,1.7809938478583818
06:12,7,1.7319259780053937,0.5713940847061417,1.8237485554009656
06:13,7,1.7345067525431772,0.5753715516574981,1.8274479738352705
06:14,7,1.7371732455205544,0.5794376200596137,1.831261543442871
06:15,7,1.7399247715426476,0.5835881703261374,1.835187555312084
06:16,7,1.7427606730230731,0.5878193103083691,1.8392243759278641
06:17,7,1.7456803211321357,0.5921273868161295,1.8433704526778374
06:18,6,1.9828020174300098,0.6950344139605977,2.101089402408681
06:19,6,1.9851052911381937,0.7009750838670233,2.105233736454751
06:20,6,1.9873953408204184,0.7068772899966493,2.1093638244332613
06:21,6,1.9896717647593611,0.7127354166125371,2.113477112621397
06:22,6,1.9919344198701892,0.718544385605399,2.117571431415863
06:23,6,1.994183419923606,0.7242996550646953,2.121644999198746
06:24,6,1.996419132214914,0.7299972155761946,2.1256964238156746
06:25,6,1.998642172765499,0.7356335844547027,2.12972470177121
06:26,6,2.0008534001397895,0.7412057980923727,2.133729215241875
06:27,6,2.0030539079802314,0.7467114026145274,2.1377097270371936
06:28,6,2.0052450163584616,0.7521484430145463,2.1416663736351778
06:29,6,2.0074282620515986,0.757515450936828,2.145599656434426
06:30,6,2.0096053878542235,0.7628114312705248,2.149510431370295
06:31,6,8.891229125560086,7.436697441380002,11.591308131433477
06:32,6,8.743924325711918,7.309258836492714,11.396555503862709
06:33,6,8.598339980113593,7.183153644826105,11.203979056513734
06:34,6,8.454884104028105,7.058738330825037,11.014120574771539
06:35,7,7.441854732733039,6.264698485395555,9.727674386821265
06:36,7,7.371290401644443,6.2011606966042,9.632773026002646
06:37,7,7.299063659271739,6.1361045487951875,9.53562317501307
06:38,7,7.2255371855722075,6.069848942185793,9.436707784023024
06:39,7,7.151050292024744,6.002692430481921,9.336478816664885
06:40,6,7.999958578997513,6.624000394411239,10.38637176740926
06:41,6,7.913029460375493,6.546501568835121,10.269991140771795
06:42,6,7.8248030777601665,6.467874483476551,10.151893593794806
06:43,6,7.735712348131395,6.388491222073002,10.032649980316085
06:44,6,7.646153010973108,6.308691911939768,9.912782127485066
06:45,6,7.556483623458132,6.22878474955435,9.792762848546461
06:46,6,7.467026261994926,6.149046626384121,9.67301688258466
06:47,5,12.726636938921757,10.746716095095348,16.65710642950057
06:48,5,12.518887604952246,10.566221677253935,16.381928683714197
06:49,5,12.297810272925176,10.374157453603697,16.08910439959369
06:50,5,12.066615066101438,10.173280214327184,15.782865059066024
06:51,5,11.828277853701334,9.96614606352931,15.467133682229626
06:52,5,11.585488166439006,9.755065814632346,15.145456252701894
06:53,5,11.34062123931928,9.542081041968771,14.820964904661214
06:54,5,11.095729969651252,9.32895718101138,14.496367325801343
06:55,5,10.852552152655962,9.117189706756472,14.173956271101718
06:56,5,10.612528536053793,8.908019573851778,13.85563331849838
06:57,5,10.376827783492104,8.702454571956588,13.542941719774982
06:58,5,10.146375156997012,8.501293866503053,13.237104148233048
06:59,5,9.921882478684116,8.305153636965642,12.939062131948454
07:00,5,9.70387762206135,8.11449231526452,12.6495148696869
07:01,5,9.492732368435561,7.929634427635175,12.368955896706936
07:02,5,9.288687929142883,7.750792441314244,12.097706679918254
07:03,6,6.758203315935113,5.458128170882535,8.68702913482497
07:04,6,6.704642758820186,5.412672934173508,8.616801193931215
07:05,6,6.648719177548681,5.365006281156903,8.543345896003313
07:06,6,6.590832442832793,5.315472074133559,8.46719054116482
07:07,6,6.531358992365412,5.264394952858033,8.38883213008996
07:08,6,6.470649943585169,5.21207863851243,8.308734827063404
07:09,5,10.104892260743195,8.568262785288745,13.248546137557575
07:10,5,10.126520471995855,8.596158868170932,13.283085641393152
07:11,5,10.139260701687922,8.616101423207853,13.305705968185134
07:12,5,10.143382121285937,8.6282990910254,13.316746827307822
07:13,5,10.13922388867487,8.633023502951254,13.31664206424367
07:14,5,10.12718603015855,8.630601611617957,13.305907750615926
07:15,5,10.107719486072574,8.621407224977993,13.285129120487838
07:16,5,10.081315729488827,8.605852098802728,13.254946894805204
07:17,5,10.048496344207857,8.584376925692519,13.216043507113648
07:18,5,10.00980290535132,8.557442524033231,13.16912968863592
07:19,5,9.965787449521597,8.525521483421095,13.114931797509158
07:20,5,9.917003757481702,8.48909046882357,13.05418019309437
07:21,7,9.303243927178782,8.08250272762532,12.323846717265662
07:22,7,9.31386954643724,8.093659129569911,12.3391849015128
07:23,7,9.316287549518535,8.097270462791105,12.343378899349373
07:24,7,9.310757922115402,8.093565336078628,12.336774818955247
07:25,8,7.695218149623308,6.57004244686783,10.118391182591084
07:26,8,7.6220651664833206,6.5034038541328005,10.019487965563298
07:27,8,7.544717764348277,6.432948398462352,9.914917611405139
07:28,7,7.800748902215875,6.60244054110026,10.219780062906759
07:29,8,6.803729268693927,5.703466985640658,8.878077923626
07:30,8,6.7500919850868035,5.652263139633338,8.804079759224745
07:31,8,6.695007100592824,5.599717985966909,8.72811328978661
07:32,8,6.638632733288907,5.545977025869467,8.650393386370755
07:33,8,6.581119680188972,5.4911790526151485,8.571124992254518
07:34,8,6.522611148998816,5.4354559142305385,8.490502764653423
07:35,8,6.463242593801229,5.37893236968665,8.408710856248375
07:36,8,6.40314164312048,5.321726028116133,8.325922820936569
07:37,8,6.3424281089219905,5.263947360708995,8.242301628377778
07:38,7,7.286993381568024,6.102368950385236,9.50469249106156
07:39,7,7.230630644222888,6.047577827804192,9.426304530224131
07:40,7,7.1739216115722275,5.992435393500126,9.347429231305048
07:41,7,7.116977456807918,5.937044641214495,9.268218123916045
07:42,8,6.1924980875033935,5.1133146964740295,8.030754618895443
07:43,8,6.144218060013548,5.06643880441678,7.96368116689115
07:44,8,6.095490872219997,5.0191330570195545,7.895993010216243
07:45,7,7.900685639583594,6.429921353168107,10.186497051658613
07:46,7,7.8127906806823395,6.347922577947186,10.066569389606792
07:47,7,7.725635949886559,6.266542428832886,9.947613022355783
07:48,7,7.6392795301878476,6.185835633198806,9.829707738345995
07:49,7,7.553769617310514,6.105848220362228,9.712920154181441
07:50,7,7.469145432229242,6.026618320373715,9.597304927283234
07:51,7,7.385438079359292,5.948176915185863,9.482905896316819
07:52,8,1.5610287860218763,0.6308964364931992,1.6836986619846053
07:53,8,1.5569278392033592,0.6268123059846316,1.6783676484668706
07:54,8,1.5530674159650042,0.623088162690176,1.673396921539189
07:55,8,1.5494549869584722,0.6197382576183069,1.6687978501203355
07:56,7,1.741060053901869,0.6557160760830009,1.8604444855266353
07:57,7,1.7389430867897826,0.6556607413042046,1.8584439907572023
07:58,7,1.7372079847482835,0.6561216280582368,1.8569833529353417
07:59,7,1.73585848036578,0.6571029814221393,1.8560681539349948
08:00,7,1.734897058710312,0.6586061537375448,1.85570198848378
08:01,7,1.7343249174799242,0.6606295795959175,1.8558864083851752
08:02,8,1.5323852880811955,0.6242221810272338,1.6546473951915208
08:03,8,1.5350769792267451,0.6279660098669473,1.6585543830999705
08:04,7,1.5692907548659536,0.6472145848805152,1.697515888641344
08:05,7,1.5728468192730711,0.6520910482243967,1.7026655138552051
08:06,6,1.746881114562823,0.6591316980800367,1.867096201011111
08:07,6,1.7502923035406739,0.6651046793392643,1.872401501364679
08:08,6,1.7539044127449734,0.6714289024376895,1.87803020744475
08:09,6,1.757716328486612,0.6780898589177323,1.8839778523633248
08:10,6,1.7617261285762955,0.6850719224745798,1.8902387391732924
08:11,6,1.765931145007097,0.6923585752955622,1.8968060537892053
08:12,5,59.70580834094059,47.4055519905444,76.2369327109462
08:13,5,61.319054687485306,48.72891779680359,78.32326536486114
08:14,5,58.70623168138702,46.69079472720761,75.0096790453534
08:15,5,53.27676739551627,42.40508905757387,68.09262457929431
08:16,5,47.0588045113756,37.48276492377215,60.16218703114631
08:17,6,8.49352468895983,6.873502953165101,10.926344516311918
08:18,7,6.268096877786035,5.166701967446494,8.123044237828974
08:19,7,6.284260207603719,5.182499297989931,8.145564764369482
08:20,7,6.296836335441084,5.195097133626515,8.163282554410666
08:21,7,6.305856971460761,5.204518401748135,8.176236538815107
08:22,7,6.31137490037589,5.210804479053536,8.184493658866087
08:23,7,6.3134628518675635,5.214014254060344,8.188147398737772
08:24,7,6.312212086129456,5.214222939427446,8.187315938836743
08:25,7,6.3077307398346125,5.211520672517862,8.182139989412033
08:26,8,1.650465668457078,0.6719367527461222,1.7820033452399782
08:27,8,1.64247310517453,0.6598167135949469,1.770049715900912
08:28,7,2.020447237892505,0.6482546315208441,2.121895640316856
08:29,7,2.012056398166875,0.6377091564154653,2.1106974955166793
08:30,7,2.0044458429347527,0.628914369013884,2.1007942357143268
08:31,7,1.9976706905725126,0.6220205750265083,2.0922709632666527
08:32,7,1.9917800398287544,0.6171560479107833,2.0852024636790287
08:33,7,1.9868158130533056,0.6144199431374335,2.079651158613789
08:34,7,1.9828116953901653,0.613876216303376,2.0756652495811965
08:35,7,1.9797922329575848,0.6155493008041448,2.073277170905919
08:36,7,1.977772150102022,0.6194221340861026,2.072502462704196
08:37,7,1.9767559367727445,0.6254368209964019,2.0733391547511895
08:38,7,1.9767377422306542,0.6334978541258433,2.075767721288004
08:39,7,1.9777015918854495,0.6434774642852567,2.0797516278606984
08:40,7,1.9796219220967182,0.6552224302762052,2.0852384486151605
08:41,7,1.9824644058075762,0.6685615792807524,2.0921614912774684
08:42,7,1.9861870224951748,0.6833132538262359,2.1004418323730953
08:43,7,1.9907413113365975,0.6992921683850757,2.109990641075656
08:44,7,1.9960737381429448,0.7163152735462127,2.1207116586701584
08:45,7,2.002127104907754,0.7342064391616343,2.1325037021099655
08:46,7,2.0088419353326326,0.7527999277792925,2.145263073008871
08:47,7,2.0161577790797782,0.7719427423818543,2.1588857745744496
08:48,7,2.0240143901308314,0.7914959986420046,2.1732694649589557
08:49,6,12.615199985214625,10.889475611142627,16.66505174767331
08:50,6,12.518191132907107,10.800090380634707,16.53321086389067
08:51,7,8.16764603084601,6.836045911855098,10.650913829065813
08:52,7,8.207115853632002,6.869843037533134,10.702873165429937
08:53,7,8.245066602321751,6.902153791261574,10.752713621916472
08:54,7,8.281539453528653,6.933014688882196,10.800490192422192
08:55,7,8.316580844959244,6.962466945545956,10.846264929392193
08:56,7,8.350241921184633,6.990555979736981,10.890106200039817
08:57,7,8.382577954543958,7.017330895630994,10.932087909579929
08:58,8,7.548059415813834,6.266267488112741,9.81016356526407
08:59,8,7.613609164926727,6.3223492583165175,9.896420800491038
09:00,8,7.679143592769558,6.378325632597393,9.982599070073018
09:01,8,7.744580046720331,6.434124450710181,10.068588657169647
09:02,8,7.80982949732716,6.489668173693983,10.154271504247756
09:03,8,7.874796390337283,6.54487376970473,10.239521026426877
09:04,8,7.939378529341218,6.599652626654902,10.324201965511778
09:05,8,8.003466994588097,6.653910496367036,10.408170291992942
09:06,8,8.06694610401401,6.707547475343348,10.491273162922207
09:07,8,8.129693422816098,6.7604580274861785,10.573348943943051
09:08,8,8.191579828193317,6.812531054329832,10.654227304120743
09:09,8,8.252469636022258,6.863650018450687,10.733729392398873
09:10,9,7.255960673019868,5.968519852947051,9.395328335052163
09:11,9,7.3381757451911644,6.038569408471324,9.503322775126477
09:12,9,7.4202879898960195,6.108442709180761,9.611126166289708
09:13,9,7.502129123080459,6.177996054425035,9.718517203146954
09:14,9,7.58351591355795,6.247073217769243,9.82525508062546
09:15,9,7.664249932329973,6.3155052544558075,9.931079178230275
09:16,9,7.744117462733116,6.383110445681179,10.035708955443665
09:17,9,7.822889601055247,6.449694404509212,10.138844096930171
09:18,9,7.900322578219041,6.515050368992856,10.24016494742304
09:19,9,7.976158333088702,6.578959707978142,10.339333276072505
09:20,10,6.117319500457948,5.077545800645027,7.950035800443356
09:21,10,6.123262528647757,5.083200561428493,7.958220400469483
09:22,10,6.12762326742588,5.087420838816817,7.964271322520762
09:23,10,6.130389059548112,5.090195306474895,7.968171576935718
09:24,10,6.131550126585302,5.091515193984077,7.969908024902104
09:25,10,6.131099639582023,5.09137434839519,7.969471472185552
09:26,10,6.12903377525085,5.089769283042469,7.96685674358265
09:27,10,6.125351757128742,5.086699213119017,7.962062737337969
09:28,9,8.181938309990267,6.948168126236401,10.734111738701708
09:29,9,8.187375366979373,6.953371501563412,10.741624208590377
09:30,9,8.188101562898105,6.95436597166463,10.742821476324611
09:31,9,8.184093471839946,6.951130189937347,10.737671855354476
09:32,9,8.175351537550618,6.9436638188143265,10.726175459652076
09:33,9,8.161900119218783,6.931987575439921,10.708364268279121
09:34,9,8.143787197390603,6.916142979293455,10.68430173789627
09:35,9,8.121083747699783,6.896191808386414,10.654081973366331
09:36,9,8.093882799101323,6.8722152785410024,10.617828478563808
09:37,9,8.06229820173295,6.844312967652404,10.575692520721336
09:38,8,8.769992906046808,7.497899184060485,11.53825236968087
09:39,8,8.66067437156128,7.399663095754379,11.39132540580277
09:40,8,8.550851911878208,7.300836110583339,11.243632701776987
09:41,8,8.440876849772925,7.201732500496773,11.095645677550449
09:42,8,8.331064814479399,7.102635179848983,10.947788244256694
09:43,7,8.424717997429156,7.133881044822774,11.039390023814196
09:44,7,8.317006405322015,7.036391112143544,10.894190902917945
09:45,7,8.210429104428155,6.939737601689321,10.75040018134867
09:46,7,8.105177104790707,6.844093704975329,10.608275757280559
09:47,7,8.00141477740754,6.749609005362947,10.468039939042663
09:48,8,4.963645477309226,3.9780864903031268,6.361049327645917
09:49,9,4.6032673618253845,3.62886252174627,5.8616306268973934
09:50,9,4.566229282566365,3.62157275059179,5.828056198150077
09:51,9,4.542179119517865,3.5996105481714094,5.795566171849904
09:52,9,4.517509597388358,3.5769869191062833,5.762180870291506
09:53,9,4.492321117611231,3.553789819504211,5.728033790485841
09:54,7,6.901424095981545,5.812371182040433,9.022932633595842
09:55,6,10.628312694994559,8.929286113499181,13.881396948409472
09:56,6,10.748663849377092,9.040647027490449,14.045179714855124
09:57,6,10.866506930922464,9.149745258069943,14.205590841895996
09:58,6,10.981615283586194,9.256372239405348,14.362322279879667
09:59,6,11.093761923314815,9.360318682770638,14.515065258351914
10:00,6,11.202720319294187,9.461375283221598,14.66351133945357
10:01,6,11.30826517859002,9.559333431912394,14.80735347764041
10:02,6,11.410173228320957,9.653985928725403,14.946287077810341
10:03,6,11.508223990091926,9.745127690376972,15.080011044686914
10:04,6,11.602200542075828,9.83255644971087,15.208228817166562
10:05,6,11.69189026502048,9.916073442659101,15.33064938251116
10:06,6,11.777085569282216,9.99548408005205,15.446988266350479
10:07,6,11.857584601210053,10.070598602536073,15.55696849608738
10:08,6,11.933191928005693,10.141232717551567,15.66032153635929
10:09,6,12.003719201450275,10.207208218446793,15.756788196900844
10:10,6,12.068985801689424,10.268353586514962,15.846119514224156
10:11,6,12.12881946327554,10.324504577643214,15.928077609884605
10:12,6,12.183056886297893,10.375504795837086,16.002436528954235
10:13,6,12.23154433602425,10.42120625642758,16.068983063129174
10:14,6,12.274138234653941,10.461469941945042,16.12751756314695
10:15,6,12.310705749018362,10.496166353880529,16.1778547455232
10:16,6,12.341125377566438,10.525176063135454,16.219824497965874
10:17,6,12.365287539643495,10.5483902616978,16.253272687404948
10:18,6,12.383095169037949,10.565711317190377,16.278061973209702
10:19,6,12.39446431282164,10.577053331120077,16.294072626914595
10:20,6,12.399324735036009,10.58234270037496,16.301203357821624
10:21,6,12.397620523152861,10.581518680093115,16.29937214168879
10:22,6,12.389310693618917,10.574533944611334,16.28851704756321
10:23,5,28.441614607611143,23.969237946189033,37.19475513037971
10:24,5,28.529767567448403,24.04508169228874,37.31103846104353
10:25,5,28.530494326465988,24.04615870301049,37.31228825578612
10:26,5,28.44276272538197,23.971557785844535,37.1971280360791
10:27,5,28.26784289532213,23.82232569322096,36.96720361872817
10:28,5,28.00923702767066,23.601408291863816,36.62709150658151
10:29,6,14.39755937409359,12.09355579850718,18.802760642580036
10:30,7,12.598323942702965,10.706163958669425,16.532988625024664
10:31,7,12.939304212837563,10.997925403005757,16.981753639787478
10:32,7,13.277503216430743,11.286734919772764,17.4264877933434
10:33,7,13.609082197551347,11.569273044655546,17.862116253162792
10:34,7,13.929623501664558,11.841729011159604,18.282804950878425
10:35,7,14.234184913792811,12.099849163438382,18.68203334591841
10:36,8,1.7388456461968314,0.6883847488156336,1.8701491233855227
10:37,8,1.7365528504022885,0.6838313252835978,1.8663443100562753
10:38,8,1.7342173030899593,0.6792708462346271,1.862503298488601
10:39,8,1.7318370640812073,0.674705531479271,1.85862507535386
10:40,8,1.72941029345541,0.6701377114271359,1.85470874138942
10:41,8,1.726935256834746,0.6655698261484126,1.8507535154034203
10:42,8,1.7244103303195208,0.6610044238740634,1.84675873781438
10:43,8,1.7218340050423573,0.6564441588941643,1.8427238736898353
10:44,8,1.719204891309963,0.6518917888124208,1.8386485152484036
10:45,9,1.5550846792381268,0.5858786654448033,1.6617888464617072
10:46,9,1.553103971537964,0.5829831049734998,1.6589156841417647
10:47,9,1.5510121951526414,0.5800707516133525,1.6559350550035152
10:48,9,1.548810862791894,0.5771449468415291,1.6528494723860616
10:49,9,1.546501643847367,0.574209099593014,1.6496616090817016
10:50,8,1.6125440854839683,0.5719327377761023,1.7109662428491672
10:51,8,1.6099756201979496,0.5688687890624206,1.7075225318575205
10:52,8,1.6073089568155998,0.5658146260312645,1.7039918643263974
10:53,8,1.6045472191454315,0.562774688923918,1.7003785251998305
10:54,7,1.6507434059559472,0.5764122093610321,1.748486439011612
10:55,7,1.6470873709525309,0.5731350902626289,1.7439554579293794
10:56,7,1.643373020832682,0.5698779421405609,1.7393779792038
10:57,7,1.6396049752888102,0.5666455475098419,1.7347598253085492
10:58,7,1.635787858884488,0.563442679742417,1.7301068096014227
10:59,7,1.6319262887370416,0.560274086775387,1.7254247199408752
11:00,7,1.6280248621411866,0.5571444740263758,1.7207193021198885
11:01,8,1.5965926222057754,0.5537945342658542,1.6899101714187794
11:02,8,1.5933060167691202,0.5506980684001664,1.6857913351338458
11:03,8,1.5899820256302521,0.5476492441398834,1.6816547019035344
11:04,8,1.5866246955247927,0.544652748629428,1.6775054518655765
11:05,9,1.398058450004102,0.5229688403025206,1.4926700363962677
11:06,8,1.4765136745324499,0.5230867329003833,1.5664330056589442
11:07,8,1.4761902901865238,0.5210361772472916,1.5654444962506477
11:08,7,1.6659815933619022,0.5202788024302757,1.745332261112177
11:09,8,1.4873047944288025,0.503162894155183,1.5701109672840077
11:10,8,1.4865395895433422,0.5029201263990373,1.5693083205084053
11:11,8,1.4857946850053674,0.5027969573298073,1.5685632363058595
11:12,8,1.4850706108650722,0.5027942267315635,1.5678765109822104
11:13,8,1.4843678197136336,0.5029124132225447,1.5672487739905014
11:14,8,1.4836866856688562,0.5031516290320547,1.5666804853028091
11:15,8,1.4830275037152145,0.5035116173961697,1.5661719336103197
11:16,8,1.482390489417064,0.5039917526220767,1.5657232353852437
11:17,8,1.4817757790169561,0.5045910428291328,1.565334334825854
11:18,8,1.4811834299252973,0.505308135333386,1.5650050046946724
11:19,8,1.4806134216015163,0.5061413246018025,1.564734848048134
11:20,8,1.480065656820114,0.5070885626633548,1.5645233008435324
11:21,8,1.4795399633087116,0.5081474718276777,1.5643696353970835
11:22,8,1.4790360957393183,0.5093153595310392,1.564272964656117
11:23,7,1.7180487594037441,0.5250110815121343,1.796476600292719
11:24,7,1.7210797359616872,0.5271701030372637,1.8000066041751819
11:25,8,1.5861391850394488,0.5289291948904553,1.6720058634840584
11:26,8,1.5891376055247943,0.5314387607425125,1.6756447969998338
11:27,8,1.5921114729839125,0.5340174108655732,1.67928363819653
11:28,8,1.595057525935172,0.5366608307096725,1.6829181080077626
11:29,8,1.5979723895406366,0.5393645285816048,1.68654375941636
11:30,8,1.600852585926643,0.5421238591751519,1.6901559929648446
11:31,8,1.6036945449827853,0.5449340470311566,1.6937500728328538
11:32,8,1.6064946155682707,0.5477902097150203,1.697321143363704
11:33,9,1.5489455968027581,0.5506493751905089,1.643912161963756
11:34,9,1.5516961209384916,0.5535505668402901,1.6474765800413578
11:35,9,1.5543855632205668,0.5564742102198773,1.6509930423197896
11:36,9,1.557010854201087,0.559415971351934,1.6544573216325729
11:37,7,1.8450500036117676,0.6436292568328643,1.954090104391046
11:38,7,1.8487566905720187,0.6488747631508618,1.9593212496139805
11:39,7,1.8524817785482615,0.6541792492408947,1.9645964547434953
11:40,7,1.8562245429956434,0.65953881157806,1.9699139570034994
11:41,7,1.8599842510596354,0.6649495907240575,1.975271974284545
11:42,8,1.7854741275100108,0.6287705904740848,1.8929528032818896
11:43,8,1.7885644028157321,0.633616678507634,1.8974806239597397
11:44,8,1.7916307733918717,0.6385074713859944,1.9020075234289933
11:45,8,1.7946741258430696,0.6434393612060088,1.9065333538964857
11:46,8,1.7976954349938639,0.6484088074192318,1.9110580468778566
11:47,8,1.8006957619392507,0.6534123460456186,1.9155816142965088
11:48,8,1.803676251624397,0.6584465978443609,1.9201041489686566
11:49,8,1.8066381299674048,0.6635082754674357,1.9246258244827468
11:50,8,1.809582700530831,0.668594189615709,1.9291468944713208
11:51,8,1.812511340759181,0.6737012542337936,1.9336676912894912
11:52,8,1.8154254977955842,0.6788264907801911,1.9381886241104846
11:53,8,1.81832668389604,0.6839670316175298,1.9427101764566077
11:54,8,1.8212164714578072,0.6891201225652914,1.9472329031817504
11:55,8,1.8240964876827934,0.6942831246655671,1.9517574269288913
11:56,8,1.8269684088929536,0.6994535152083105,1.9562844340816374
11:57,8,1.8298339545192355,0.7046288880648208,1.9608146702345353
11:58,7,16.80642140340039,14.538405520428451,22.22208440864851
11:59,7,16.186556752016354,13.999980568480305,21.401029774384046
12:00,7,15.5888287320651,13.48010955965453,20.60885574159681
12:01,7,15.016014582870266,12.981272943499377,19.84928565935312
12:02,7,14.469658928386004,12.504875802936821,19.124407137234233
12:03,7,13.950378615595953,12.051511933701216,18.435075356684052
12:04,7,13.45811293254342,11.621180970956514,17.781244356478943
12:05,7,12.99232233474984,11.213461109897166,17.162230324559093
12:06,7,12.552142217724485,10.827642972597435,16.576915472910514
12:07,7,12.136499328739694,10.462831127604938,16.023902494750704
12:08,6,12.409481594928486,10.605717140174926,16.324107005048365
12:09,6,12.05681659553049,10.293990040739004,15.853487230798567
12:10,6,11.722681110799396,9.998266701764189,15.40735504442925
12:11,6,11.406047829089418,9.717663343473772,14.984355439476511
12:12,5,27.573768216978728,23.756439425002863,36.39616886208625
12:13,6,11.840617790801435,9.79843704927657,15.36911182458112
12:14,6,12.109989488397563,10.034906128526854,15.727402405274855
12:15,6,12.394937336724098,10.284475128322002,16.106051665333467
12:16,6,12.69650604576517,10.54802053846753,16.506423084668718
12:17,6,13.015790347503817,10.826460403929316,16.92994516376302
12:18,6,13.353926932819792,11.120747361716184,17.378100771091393
12:19,6,13.712081433790841,11.431857458852072,17.852409983148583
12:20,6,14.091428656183192,11.760773227994571,18.354404062584397
12:21,7,10.487346019758498,8.800606870874294,13.690694205694037
12:22,7,10.642274656990722,8.939644438065026,13.89875003566342
12:23,7,10.796988948448405,9.078334266922765,14.106421353940236
12:24,7,10.95067992019278,9.215967361408216,14.312632361695556
12:25,7,11.102425110949948,9.351736604018177,14.516157234446911
12:26,7,11.251185604698964,9.484734232070618,14.715616227817218
12:27,7,11.395806161936315,9.613952000499866,14.909475884428032
12:28,7,11.535019321398734,9.738284784969803,15.096054494410666
12:29,7,11.667454356657371,9.856538389722655,15.273533978511967
12:30,7,11.791651907405058,9.967442268386838,15.43997927715688
12:31,9,6.084562348389615,5.008609245627897,7.8808670555231295
12:32,9,6.0461437663584015,4.976620773890994,7.830875351491553
12:33,9,6.006498587427533,4.9434841060189,7.77920692533824
12:34,10,5.137804043804127,4.2684847165599935,6.679595209893806
12:35,10,5.122401310298026,4.254654779643742,6.6589100067269476
12:36,10,5.105839518929635,4.239752532078993,6.636648154477818
12:37,11,4.419672765592866,3.61053904528053,5.706969384219485
12:38,11,4.429026500805914,3.619116655751495,5.719639946078683
12:39,11,4.436969311303422,3.6264125688519058,5.73040703519178
12:40,11,4.443467812691879,3.6323974863682715,5.739226228456523
12:41,11,4.448492271387449,3.6370453489420465,5.746057984292783
12:42,11,4.452016859979482,3.640333557080299,5.750867980430995
12:43,11,4.454019886999257,3.6422431695758988,5.753627417560783
12:44,11,4.454483997435323,3.6427590761756625,5.754313284004231
12:45,11,4.4533963406908725,3.6418701416455375,5.752908577049364
12:46,11,4.450748703132501,3.639569318780487,5.749402477183511
12:47,11,4.446537602898038,3.6358537283602206,5.743790472154877
12:48,10,4.946429628726502,4.099637490892994,6.424499484681963
12:49,10,4.916627900555001,4.072539162884774,6.384262302392195
12:50,10,4.885626545393976,4.044332459847214,6.342394799035463
12:51,9,5.2393775441957935,4.2789485430471315,6.764649117631181
12:52,8,6.198553328856871,5.101005120956742,8.027597188119836
12:53,8,6.203297868639566,5.103283171267495,8.032708358530776
12:54,8,6.20575263518248,5.103540776611188,8.034767839060903
12:55,8,6.205861483103442,5.101732893007822,8.033703707448067
12:56,8,6.20357573373853,5.0978209354496,8.029453915064074
12:57,7,8.310763568308795,6.702570343833055,10.676761695493587
12:58,7,8.270258807329498,6.66604515700584,10.622303835583509
12:59,6,18.484241381979484,15.62753113007342,24.205100881605443
13:00,6,17.59082015802416,14.86371474920854,23.029697565921023
13:01,6,16.771390815336137,14.162954524584208,21.951510898937723
13:02,6,16.018099229043372,13.518560966695286,20.960224080904702
13:03,6,15.32402904668425,12.924643924429642,20.04675252495822
13:04,6,14.68309712660218,12.376023365585825,19.20310640429718
13:05,6,14.08995349095143,11.868144046395775,18.4222591579636
13:06,6,13.539889475758084,11.396997194313743,17.698026784445204
13:07,6,13.028755473752803,10.959050384051393,17.024959750760665
13:08,6,12.55288840456451,10.551185715150716,16.398247689709123
13:09,7,7.842314995024285,6.2555399953820165,10.031634219557986
13:10,6,13.364720887743928,10.88208249221313,17.234717397585328
13:11,6,13.520106285305049,11.01317605598378,17.43798499844634
13:12,6,13.659440578422366,11.13111329614459,17.62049942899061
13:13,6,13.780840237048187,11.234334779500319,17.779815397718192
13:14,6,13.882556810000542,11.32139033467039,17.91366134247437
13:15,6,13.963038309526446,11.390989633170767,18.020018969365903
13:16,6,14.020988296191508,11.44205096846067,18.097199870885856
13:17,6,14.055418631390815,11.47374491659006,18.1439140020731
13:18,6,14.065691950371113,11.485529624691688,18.159324899412013
13:19,6,14.051550453846117,11.477174914012755,18.143087228027834
13:20,6,14.013128594395576,11.448773181622508,18.095363504702128
13:21,7,8.60017754446129,6.887786519437115,11.018378144427423
13:22,7,8.543984688923388,6.844166459862089,10.94725028922142
13:23,7,8.483096324479726,6.7966719189224785,10.870035530018786
13:24,7,8.417863804973889,6.745585258760516,10.787184596654342
13:25,7,8.348651326306184,6.691199800587117,10.69916509544605
13:26,6,10.031849591138956,8.220769829924999,12.969929175436539
13:27,6,10.086954190533318,8.277299115608233,13.04838401838199
13:28,6,10.140442499353178,8.332624932529392,13.124831897929154
13:29,6,10.192114124411745,8.386569423719218,13.199005152809642
13:30,6,10.241759796357089,8.438946178204434,13.270623810692081
13:31,6,10.289162328547754,8.489560995694282,13.339396812555652
13:32,6,10.334097790221572,8.538212839657334,13.40502352229013
13:33,6,10.376336901693954,8.584694987085415,13.467195532802853
13:34,7,1.8707573457334266,0.6649703079125402,1.9854265428418332
13:35,7,1.8642414528828475,0.6486914665223605,1.9738786217459472
13:36,7,1.8580790443583979,0.6327118499172911,1.9628504833811407
13:37,7,1.8523175644565846,0.6171374722949649,1.952418761256148
13:38,7,1.8470065706588237,0.6020881411494169,1.9426639961067966
13:39,7,1.8421970091281852,0.5876971298518974,1.9336695004258067
13:40,7,1.8379403066485913,0.5741100326605777,1.9255199039233657
13:41,7,1.8342872900594127,0.5614825891328127,1.9182993927885166
13:42,7,1.8312869612733056,0.5499772979323243,1.9120896848135962
13:43,7,1.8289851746493049,0.5397587229653485,1.9069678151725928
13:44,7,1.742391017747558,0.5490938703130714,1.8268635792370373
13:45,7,1.7437310244616293,0.5387197208833188,1.8250525535826645
13:46,7,1.7460405466910869,0.529853497284858,1.8246649882305257
13:47,7,1.7493425367922957,0.5226584043657452,1.8257522062659683
13:48,7,1.7536492943610809,0.5172761436827695,1.8283491068273678
13:49,8,1.547801260518467,0.500518458285281,1.6267167759468242
13:50,8,1.5516179325486152,0.5030395652347424,1.631124462693757
13:51,8,1.5561343653112678,0.506926984159098,1.6366212543442482
13:52,8,1.5613260742622117,0.5121279301453772,1.6431719712209183
13:53,8,1.5671627682806584,0.5185717348330801,1.6507318941769094
13:54,8,1.5736093254357741,0.5261735665784094,1.6592483030771121
13:55,8,1.5806268436102995,0.5348384532467584,1.6686621556842605
13:56,8,1.5881737010701367,0.5444652501989106,1.678909799079444
13:57,8,1.596206571221009,0.5549502700158278,1.6899246196797566
13:58,7,1.7607712762606071,0.5846056814153484,1.8552841534513012
13:59,7,1.7712826433572693,0.597512832412499,1.869348492806069
14:00,7,1.7821953207435322,0.6109871647917005,1.8840184385563592
14:01,7,1.793472034287553,0.6249430884603631,1.8992355834877122
14:02,6,11.15194517156797,9.221183984106393,14.470525739529936
14:03,6,11.109607596819876,9.186213153151419,14.415612822577126
14:04,6,11.049266150771487,9.135834175647863,14.337006261961388
14:05,6,10.971567788007913,9.070585980815014,14.235548101924657
14:06,6,10.877401419434056,8.991212786774883,14.112397706150794
14:07,6,10.767864504013902,8.898636050605568,13.968988135793502
14:08,6,10.644223332803648,8.793921059891298,13.806974250942938
14:09,6,10.507869739038812,8.678240467541155,13.628176109262624
14:10,6,10.36027695801437,8.552837066329047,13.434521224440251
14:11,6,10.2029570933152,8.41898787723637,13.227988899492013
14:12,6,10.03742219064,8.277971244141304,13.010559255926802
14:13,6,9.865150361292363,8.13103815758613,12.784168849441423
14:14,6,9.687557815029626,7.979388540163687,12.55067400159996
14:15,6,9.505977123471007,7.824152772159203,12.311822272679242
14:16,6,9.321641585633248,7.666378356478708,12.069231912416479
14:17,7,1.85859335038912,0.8176985806177554,2.0305172274213645
14:18,7,1.8558649218205732,0.8115255610570982,2.0255390256159274
14:19,7,1.8533484375543794,0.8056090649173958,2.020867733539813
14:20,6,2.076038764438616,0.8870883053393,2.2576232220903396
14:21,6,2.07709339251347,0.8868878205646754,2.2585143274925388
14:22,6,2.078407274887233,0.8870898808017017,2.259802039322239
14:23,7,1.9528477578890178,0.8604727466682452,2.1340168024762503
14:24,7,1.9550999958053663,0.8617487143411543,2.1365923430235294
14:25,6,17.834254435166145,15.323305411938563,23.513067005513957
14:26,6,18.64297576048479,16.036048319397516,24.590961569407472
14:27,6,19.51726650029075,16.806039026293327,25.755904942297523
14:28,6,20.461903208987252,17.637464028137583,27.014248467758826
14:29,6,21.480949279518583,18.533893514861965,28.371400930681805
14:30,6,22.57703825138101,19.49765742546788,29.83087831903754
14:31,6,23.750305507996078,20.528914735476604,31.392886964081807
14:32,6,24.996858341183252,21.6243196689611,33.05229383983207
14:33,6,26.306692404100644,22.775203979579615,34.795861557883946
14:34,6,27.661048914267358,23.9652693484347,36.5987398960745
14:35,6,29.029420370437617,25.1679696217934,38.42048856960429
14:36,6,30.366814287231463,26.344112749845834,40.2014388614611
14:37,6,31.612472232735904,27.440725430156142,41.860981985599864
14:38,6,32.69181489896465,28.392725642608344,43.30013430469467
14:39,6,33.52340845858294,29.12897373900448,44.410764750999306
14:40,6,34.03147692153514,29.583169681303236,45.09218723741129
14:41,6,34.161674381228565,29.707614792606854,45.27209265314562
14:42,6,33.89475435134219,29.48516772901648,44.92470910919808
14:43,6,33.25207605961754,28.934103040022222,44.078145162940025
14:44,7,2.0234103047524967,0.6586811591997246,2.1279215518583587
14:45,7,2.0179723075695857,0.6492312407100795,2.119838068823104
14:46,7,2.0125002849322766,0.6398978526035751,2.1117828152106837
14:47,7,2.007008920930889,0.6307186873902576,2.1037801385409693
14:48,8,1.763163040203963,0.6163831034234419,1.867798714135759
14:49,8,1.7560414394084325,0.6071582968590309,1.858042715968715
14:50,8,1.7489424572775865,0.5981286936894187,1.8483932625615072
14:51,8,1.7418857055753645,0.5893331400346975,1.8388799202859718
14:52,8,1.7348909632985268,0.5808117198661248,1.8295324289196777
14:53,8,1.7279780415660673,0.572605429338171,1.820380479416886
14:54,9,1.594742636753716,0.5621792612432135,1.6909315773419573
14:55,9,1.5913653619628723,0.5554041560140028,1.685502148255187
14:56,9,1.5881000612811191,0.5489668101087528,1.6803054374851238
14:57,9,1.5849609702666814,0.5429050949009918,1.6753648018679856
14:58,8,1.6270426997243463,0.5487640253478044,1.7170934459842935
14:59,8,1.6238812480295925,0.5428691817665922,1.7122199789203711
15:00,8,1.6208966952650397,0.5374686915511643,1.7076822570720958
15:01,8,1.618099398097812,0.5325956477293942,1.7034975157319117
15:02,8,1.6154984916211463,0.5282800555744105,1.6996809093320726
15:03,8,1.613101758498979,0.5245481653411843,1.696245283275771
15:04,8,1.6109155156230435,0.5214218510252108,1.693200976021929
15:05,8,1.608944521979453,0.5189180651134861,1.6905556580925736
15:06,7,1.706362287156238,0.5270849700554499,1.7859145614187208
15:07,7,1.7035708526819975,0.5243194768132788,1.7824322045658338
15:08,7,1.701069142002634,0.5223289684458775,1.779456034059654
15:09,7,1.6988519180432022,0.5211090412211632,1.7769784670280917
15:10,7,1.6969121929931288,0.520648204943205,1.7749888856100848
15:11,7,1.6952413264192834,0.5209281562302484,1.7734737942110272
15:12,7,1.693829148678589,0.5219242447308247,1.772417022641984
15:13,7,1.692664105781764,0.5236061051036884,1.771799968479465
15:14,7,1.691733421267862,0.525938418607222,1.7716018708507086
15:15,7,1.6910232702941876,0.5288817628012428,1.7718001071509728
15:16,7,1.6905189610316416,0.5323935063888917,1.7723705039445223
15:17,7,1.6902051185713665,0.5364287083146635,1.7732876534699569
15:18,7,1.6900658668628603,0.5409409851790073,1.7745252277105972
15:19,6,2.002503971657157,0.578802580141722,2.0844746540271006
15:20,7,1.9637165096157096,0.5872321072786136,2.0496399874017355
15:21,7,1.963435000444698,0.5961518217100603,2.0519439552530416
15:22,6,2.271964618135594,0.7503151646637319,2.392654607832977
15:23,6,2.2742524996245517,0.7655672668405321,2.3996494894267797
15:24,6,2.276760980213044,0.7809349317030332,2.406969033572032
15:25,7,1.9357604922492628,0.7692939508803956,2.083022291338784
15:26,7,1.941981358680267,0.7824869090780392,2.0936994436499616
15:27,7,1.9483081040873784,0.7957331419707084,2.104541684472686
15:28,7,1.9547305475090107,0.809008363642683,2.1155297317241106
15:29,7,1.9612387571176007,0.8222902710354626,2.1266449520923243
15:30,6,11.294696613309796,9.686479890827517,14.879451073951541
15:31,6,11.639032556240727,9.98985005190041,15.338323992688581
15:32,6,11.995801143906068,10.30398210006525,15.813642597535939
15:33,6,12.364087209154915,10.628074577065851,16.304190312041307
15:34,6,12.742550302428416,10.960955712959032,16.808186646731638
15:35,6,13.129342299621308,11.301011690225465,17.323177954498938
15:36,7,9.360373583813944,7.931156319268577,12.268652500956891
15:37,7,9.607617320670458,8.149940134349068,12.598723537482705
15:38,7,9.863374999490711,8.376151314923215,12.940095719548147
15:39,8,1.7930063867097907,0.6704214875804165,1.9142457715224654
15:40,8,1.7927279897441415,0.666255643662893,1.9125297979181204
15:41,8,1.7924560752618166,0.662082203388322,1.9108248548170317
15:42,8,1.792188777831308,0.6579011454400872,1.9091292603058223
15:43,8,1.7919243323988918,0.6537127436409058,1.9074415231512956
15:44,8,1.791661080811416,0.6495175763365845,1.905760349693655
15:45,8,1.7913974780976027,0.645316534826977,1.9040846500761324
15:46,8,1.791132098435028,0.6411108307135799,1.9024135437129654
15:47,8,1.7908636407314695,0.6369020020302895,1.9007463639013398
15:48,8,1.7905909337421277,0.6326919180109789,1.8990826614752492
15:49,8,1.7903129406544143,0.6284827823583401,1.8974222074160345
15:50,8,1.7900287630629246,0.6242771348600626,1.8957649943233135
15:51,8,1.789737644266527,0.620077851209616,1.8941112366662713
15:52,8,1.7894389718211432,0.615888140885797,1.892461369739439
15:53,8,1.789132279284518,0.6117115429480324,1.8908160472541153
15:54,8,1.7888172470996657,0.6075519196141445,1.889176137512873
15:55,8,1.7884937025659966,0.6034134474911752,1.887542718120947
15:56,8,1.788161618860568,0.5993006063481287,1.885917069209376
15:57,9,1.652691604735405,0.589628025233755,1.7547224135184305
15:58,9,1.6505917484411192,0.5855315766799754,1.7513709907701591
15:59,9,1.6484808273483984,0.5814669152657206,1.7480254036151457
16:00,8,1.6997610785662394,0.5969666056285298,1.8015429088546056
16:01,8,1.6964702263221716,0.5921417630589908,1.7968425352145385
16:02,8,1.693183375153051,0.5873814790340356,1.7921738040175925
16:03,8,1.6899033595685038,0.5826927742484328,1.787541393602467
16:04,8,1.686633062297434,0.5780827672396223,1.7829500196624242
16:05,9,1.5323439018800864,0.5337540876671085,1.622643294051541
16:06,9,1.5302243755420488,0.5308468465281729,1.6196867024125248
16:07,9,1.5281534400841297,0.5280438974118098,1.6168126960272218
16:08,9,1.5261316966257246,0.5253486460371899,1.614022662585263
16:09,9,1.524159730871077,0.5227644407121342,1.6113179530068127
16:10,9,1.5222381067578483,0.5202945465081003,1.6086998690842826
16:11,10,1.454885960512397,0.5100277851133904,1.5416943600090618
16:12,10,1.4532661437133192,0.507982152830622,1.539489640126823
16:13,9,1.4656100545988933,0.5086920640018435,1.5513801752374647
16:14,9,1.4638231196094351,0.5067654316583972,1.5490607890676917
16:15,10,1.4453967263811083,0.5039444163313809,1.5307291306383375
16:16,10,1.443914795204743,0.5022396696805208,1.528768988962019
16:17,11,1.4222955029230988,0.4987655195834752,1.5072131704442622
16:18,11,1.4204777797068626,0.4972908979034083,1.5050100862713565
16:19,10,1.5408422306072889,0.4979959670205629,1.6193192281917705
16:20,10,1.5386861941624528,0.49724959237413424,1.6170381446404956
16:21,10,1.536622959631433,0.4966894816090936,1.6149026475944532
16:22,10,1.5346514449388544,0.49631453625538985,1.6129113975514329
16:23,10,1.532770484037937,0.49612325233407306,1.6110628908408355
16:24,10,1.5309788292744697,0.49611372302900536,1.6093554616256556
16:25,10,1.5292751544468866,0.49628364515969026,1.607787285203344
16:26,10,1.5276580585436426,0.4966303293410706,1.606356382579766
16:27,10,1.526126070131024,0.49715071365044905,1.6050606262745075
16:28,10,1.5246776523550742,0.49784138056074856,1.6038977472986278
16:29,10,1.5233112085159781,0.4986985768464986,1.6028653432335271
16:30,10,1.5220250881636677,0.49971823612430244,1.6019608873236588
16:31,10,1.5208175936609531,0.5008960036548818,1.6011817384875844
16:32,10,1.519686987152313,0.5022272630091515,1.6005251521390527
16:33,10,1.5186314978757358,0.5037071641866687,1.59998829170506
16:34,10,1.5176493297506017,0.5053306527716792,1.599568240720946
16:35,10,1.5167386691737939,0.5070924997157702,1.599262015379306
16:36,10,1.5158976929557182,0.5089873313536422,1.5990665774091368
16:37,11,1.4074693937771476,0.5103852817466336,1.4971517058210908
16:38,11,1.4075550569093644,0.5126862725107207,1.4980181748737433
16:39,11,1.407669006210166,0.5150780772308243,1.498945448203009
16:40,11,1.4078104816035963,0.5175565726351277,1.4999317177761027
16:41,10,1.5149057716856293,0.5507079352084743,1.6118991057097876
16:42,10,1.516556862427448,0.5545804474972048,1.6147768235028594
16:43,9,1.6437933485046248,0.5736597773159272,1.7410175509449082
16:44,9,1.64631542972416,0.5776363622549769,1.7447115122985257
16:45,9,1.6488629852749739,0.5816839126653883,1.74845798304209
16:46,9,1.6514349216388233,0.5857982398243361,1.7522547983068892
16:47,9,1.6540301865548586,0.5899753007137892,1.7560998586319134
16:48,8,1.700076834950149,0.5953539340654601,1.8013071785626504
16:49,8,1.7027524124302529,0.5997773800173661,1.8052973947850095
16:50,8,1.705459513663699,0.6042565506867528,1.8093419057198319
16:51,8,1.7081968604413182,0.6087876508972377,1.8134384240736032
16:52,8,1.7109632238416703,0.613367093714247,1.8175847559302822
16:53,8,1.7137574272518963,0.6179915042594821,1.821778806221528
16:54,8,1.7165783489562152,0.6226577218934208,1.8260185833497835
16:55,7,1.7713859450604785,0.6282747548428851,1.8795045448018188
16:56,7,1.7733280084530836,0.6331083098111732,1.8829546881208108
16:57,7,1.7753277530108857,0.6379773501686556,1.8864791888433066
16:58,6,2.060902256382812,0.7367358670074793,2.188629216678565
16:59,6,2.0677053942752983,0.7437308701326121,2.197394185098199
17:00,6,2.074600814255108,0.7507233768689817,2.2062534140677323
17:01,6,9.983863964594791,8.623628969735249,13.192593235266198
17:02,6,10.04683739455162,8.679039928200913,13.276470754981029
17:03,6,10.102127662139974,8.727585661248748,13.35004624623482
17:04,6,10.149023440464632,8.768635925665583,13.412369395150645
17:05,6,10.186868325515102,8.801609050143648,13.46256320887495
17:06,5,24.931849191392242,21.237865198044585,32.75124459120049
17:07,5,25.814548359601417,21.991997269702065,33.91222273636429
17:08,5,26.560489244927915,22.6290347039363,34.893162662072996
17:09,5,27.11741892517704,23.10434490000777,35.625344383206524
17:10,6,18.652744262129723,15.668614196810692,24.36042568094636
17:11,6,18.952430892857233,15.929196899001495,24.75750291519094
17:12,6,19.14737774321452,16.101013580235676,25.01728827735493
17:13,7,12.823386520099627,10.836824770868446,16.789163557437302
17:14,7,13.056647040050688,11.037658104314502,17.096956698670205
17:15,7,13.253700990675044,11.207296915700582,17.356960969792276
17:16,7,13.409087741151774,11.341064967638284,17.561987035927885
17:17,7,13.518326691816457,11.435124492945677,17.706135341057443
17:18,7,13.578285116798737,11.48679070078084,17.78528007416873
17:19,7,13.587450500066076,11.494764704831931,17.797427530719034
17:20,7,13.546061884440293,11.459246005898772,17.742889043241888
17:21,7,13.456077608077653,11.381905174562421,17.62423870688716
17:22,7,13.320985982657936,11.265722300130205,17.446064498729225
17:23,7,13.145492639598531,11.114719985343461,17.21455712733652
17:24,7,12.935135966796674,10.933634793679122,16.937004229823753
17:25,7,12.695886605264175,10.727574956765503,16.621263524375898
17:26,7,12.433779405913617,10.501705701363294,16.27527858296035
17:27,7,12.154611020600564,10.260990562630502,15.906680872781
17:28,7,11.863718917577009,10.010002207668952,15.522498856589165
17:29,7,11.565842506784335,9.752803390488946,15.128975076497152
17:30,8,1.6993296669620486,0.7324225758504389,1.8504497146998453
17:31,8,1.6961936527807737,0.7275057153953288,1.8456265802341094
17:32,8,1.69300247830141,0.7225552871503682,1.8407453747120124
17:33,8,1.6897563987838042,0.7175739486713667,1.8358074678578438
17:34,8,1.6864557226260612,0.7125644963056781,1.8308143176667466
17:35,8,1.683100814247071,0.7075298663429067,1.8257674722391033
17:36,7,1.8009726595895292,0.7047092887400603,1.9339383915278956
17:37,7,1.7992262245539319,0.6994477269395616,1.9303994741616346
17:38,7,1.7974424195060743,0.6941756741283481,1.9268313672948645
17:39,7,1.7956209488434982,0.6888971857615851,1.9232352753825668
17:40,7,1.7937614596195217,0.683616445455682,1.9196123615234972
17:41,7,1.7918635397049238,0.6783377604834243,1.9159637424078584
17:42,7,1.7899267163641976,0.6730655564666478,1.9122904834925256
17:43,7,1.7879504552825638,0.6678043712148912,1.9085935944456178
17:44,7,1.7859341600830012,0.6625588476633225,1.9048740249077691
17:45,7,1.7838771723712528,0.6573337258665242,1.9011326606180914
17:46,7,1.7817787723482332,0.6521338340091888,1.897370319956097
17:47,7,1.7796381800314125,0.6469640784100614,1.893587750958085
17:48,6,2.054054750295662,0.6477082661222233,2.153756466087852
17:49,6,2.059079496012628,0.6421329745695613,2.1568827339308854
17:50,6,2.064300789956927,0.6366091133843323,2.160233532435967
17:51,7,1.802089059919519,0.548025469033743,1.8835755611578924
17:52,7,1.8064456506000415,0.5457999026488976,1.887099208389255
17:53,7,1.8547061437229797,0.5491067938579504,1.934283627244134
17:54,7,1.8510752566361186,0.5468361893304923,1.9301578753283282
17:55,7,1.847359163121934,0.5445945582383828,1.9259592701906838
17:56,7,1.8435615113232928,0.5423864132552421,1.9216925007181846
17:57,7,1.8396859522183795,0.5402162484106231,1.9173622500290586
17:58,7,1.8357361323665509,0.5380885184743787,1.9129731836568056
17:59,7,1.8317156864041961,0.5360076176427463,1.9085299374100078
18:00,7,1.8276282293475992,0.5339778576850941,1.9040371049972222
18:01,7,1.8234773487620057,0.5320034457259615,1.8994992255098209
18:02,7,1.8192665968604953,0.530088461853115,1.8949207708614546
18:03,7,1.8149994825994915,0.5282368367599205,1.8903061332880844
18:04,7,1.7685187886229397,0.524325379681897,1.8446072236362179
18:05,7,1.7636329678990508,0.5234032043323594,1.8396608817295095
18:06,8,1.6599735665348425,0.5127052811358311,1.737348251473773
18:07,8,1.655464249234811,0.5116162007222698,1.7327183895070968
18:08,8,1.6509430657559532,0.5106127001525349,1.7281025247145285
18:09,8,1.6464111904762713,0.5096972443962908,1.7235025642773687
18:10,8,1.6418697101450488,0.5088718992176288,1.7189202293606134
18:11,8,1.637319620140419,0.5081383159700079,1.7143570475993621
18:12,8,1.632761821413738,0.507497719775388,1.7098143469521847
18:13,8,1.6281971181664714,0.506950901258666,1.7052932509960204
18:14,7,1.945946413555974,0.5138775831981611,2.01265437046328
18:15,7,1.9438639017322965,0.5144980323310809,2.0107996155088306
18:16,7,1.9418366365733584,0.515288606836275,2.0090425260491136
18:17,7,1.9398637184649397,0.5162497766934833,2.0073826436812423
18:18,7,1.9379441853269639,0.5173813297676294,2.0058193103653954
18:19,7,1.936077012973796,0.5186823814972471,2.004351669004517
18:20,7,1.9342611165309787,0.5201513908974326,2.0029786659812934
18:21,7,1.932495352864636,0.5217861825230677,2.001699055581385
18:22,7,1.9307785239644677,0.5235839739361341,2.0005114062072136
18:23,7,1.929109381213221,0.5255414081331922,1.9994141082695887
18:24,7,1.9274866304576943,0.5276545903171873,1.9984053836186377
18:25,7,1.9259089377962888,0.5299191283478123,1.9974832963688418
18:26,6,2.463897310789202,0.5324792454526636,2.520778472010601
18:27,6,2.477770894693949,0.5353528740723701,2.534946016460706
18:28,7,2.027686260079811,0.5384165448674898,2.097952321932864
18:29,7,2.03467341861443,0.5416612428908,2.1055386062635226
18:30,7,2.0418835654713754,0.5450786502672998,2.113385726723666
18:31,7,2.0493141593917787,0.5486683394067171,2.1214913317171384
18:32,6,2.240454250610742,0.5718971915056589,2.3122935900814587
18:33,6,2.247370663078673,0.5766545964496561,2.320173575591531
18:34,6,2.2545260988359512,0.5816056771648961,2.3283369803451754
18:35,7,1.6857291290673972,0.5794325246794639,1.782533238748367
18:36,7,1.6919386437793513,0.5834810276726491,1.7897224600389416
18:37,7,1.6982336671001428,0.5876072697053539,1.7970197248452726
18:38,7,1.7046141835373605,0.5918084096650934,1.8044242041346787
18:39,7,1.7110802265307934,0.5960816543261901,1.811935120319963
18:40,6,1.782856555900889,0.6157563894366609,1.8861954909422438
18:41,6,1.7894857350220545,0.620222525712828,1.8939205836700288
18:42,7,1.7739632195612827,0.611461271897435,1.8763875909274876
18:43,8,1.59182880058412,0.6086463418124666,1.7042210243306986
18:44,8,1.5972029682954492,0.6126013499243866,1.710654183597893
18:45,8,1.6026056331354244,0.6165772474670969,1.717123267983838
18:46,8,1.6080372111991033,0.6205722045488118,1.7236280148743122
18:47,8,1.6134982592522022,0.6245845020686722,1.7301683250002753
18:48,8,1.6189894739239639,0.6286125337397463,1.736744262766196
18:49,7,1.7385996256748688,0.6750908256008679,1.8650673663992021
18:50,7,1.7449641528554947,0.6797876016205937,1.8727015453797686
18:51,6,8.908641142301235,7.315644265498331,11.527468847132958
18:52,6,9.053926076608054,7.448681794782592,11.724181757402473
18:53,7,1.7449597370111904,0.7183154253578845,1.8870245186794055
18:54,7,1.7408830276611917,0.7047045998318395,1.8781060377473235
18:55,7,1.7369507732945817,0.6908593981992752,1.869300590308822
18:56,7,1.733200901224991,0.6768303293081016,1.8606677991190244
18:57,7,1.729674622132665,0.6626785547941083,1.8522735125876486
18:58,7,1.726416184110703,0.6484769134124762,1.8441895640059167
18:59,7,1.723472483401779,0.6343108011281505,1.8364932870748347
19:00,7,1.7208925167771902,0.6202788051378847,1.8292667521176387
19:01,7,1.71872666743573,0.6064929664681287,1.8225956972762887
19:02,7,1.717025826173304,0.5930785246819689,1.8165681446576833
19:03,7,1.7158403621590923,0.5801729843749853,1.8112727128217943
19:04,7,1.715218972182345,0.5679243433575074,1.806796663244737
19:05,7,1.7152074523597278,0.5564883452498135,1.8032237473561685
19:06,6,2.134947437448916,0.5460595998993668,2.2036745783604146
19:07,6,2.144712410033013,0.5375385198911284,2.211049294365994
19:08,6,2.1555813165536652,0.5314857485080691,2.220136913152523
19:09,7,2.0496179836268342,0.5200852459441293,2.114573844029878
19:10,7,2.063078265876268,0.5175127762617382,2.126995863824178
19:11,7,2.0776890805438244,0.5178015170183041,2.141240371008706
19:12,7,2.0934520130157526,0.5210458976310439,2.157320133461385
19:13,7,2.1103576999896423,0.5272598543699781,2.1752270171032317
19:14,7,2.12838665242113,0.5363785198654185,2.1949331786588493
19:15,7,2.1475104306457675,0.5482671506711281,2.2163929972451655
19:16,7,2.1676930821905134,0.5627353753973097,2.2395455791968506
19:17,7,2.188892742163217,0.5795540949982627,2.26431764240887
19:18,7,2.211063296321014,0.5984724173412037,2.29062658123409
19:19,7,2.2341560163274177,0.6192326514903906,2.318383527797723
19:20,7,2.2581210925998105,0.6415822620148414,2.347496255114424
19:21,7,2.2829090095043103,0.6652824788289767,2.377871805273106
19:22,7,2.3084717276656432,0.6901138117513608,2.409418766134603
19:23,7,2.3347636566114867,0.7158790092621412,2.4420491576002283
19:24,8,2.138783591163711,0.7331619880082468,2.2609559373175196
19:25,7,5.907527160823029,4.741803287370793,7.57519475472296
19:26,7,5.885212021485902,4.71865862420199,7.543305624830404
19:27,7,5.862685439280502,4.694966178917237,7.510911261699763
19:28,7,5.83996782958888,4.670733513609853,7.478032883438752
19:29,7,5.81707920530398,4.645967210430226,7.444690846581394
19:30,6,7.5856217964368735,6.307163165084124,9.86518956886142
19:31,6,7.563873125052026,6.2860989484885215,9.83499957509266
19:32,6,7.540696144255497,6.263424366526951,9.8026824459019
19:33,7,6.503846641824152,5.290002555563701,8.383564169148931
19:34,7,6.503449655638095,5.290928582094925,8.383840568871063
19:35,7,6.501743742397238,5.290646537794248,8.382339320242048
19:36,8,6.117757575023414,4.919121859310103,7.850141247996678
19:37,8,6.127294173751442,4.929242329213533,7.863915299124146
19:38,8,6.135214837998559,4.937923279285594,7.875528389924595
19:39,9,6.0455385431114586,4.866263144813854,7.760737933393952
19:40,9,6.038329869647514,4.860614855460947,7.751580767031006
19:41,9,6.028671636051404,4.852835826486702,7.739179365679774
19:42,9,6.016583249004717,4.842941834481374,7.7235587396208745
19:43,9,6.002091891464474,4.830955274282362,7.704754112604772
19:44,9,5.985232261630755,4.81690493969845,7.682810581015058
19:45,9,5.966046246744759,4.800825748918109,7.657782687552079
19:46,9,5.944582537721671,4.782758419648547,7.629733917280766
19:47,9,5.9208961914084055,4.762749099695624,7.598736124914856
19:48,9,5.895048148105941,4.74084895942068,7.564868903327237
19:49,9,5.867104712383913,4.717113752842174,7.528218903786625
19:50,8,7.7119140173394,6.320129881131348,9.970840462328402
19:51,8,7.769647812873844,6.36932660276834,10.046678481410053
19:52,9,1.5943420447876862,0.6162394672749106,1.7092915599174547
19:53,9,1.5881942203622657,0.6065177906677669,1.7000660904766656
19:54,9,1.5828193263829355,0.5978602802259112,1.691967474463719
19:55,8,1.6456053649260325,0.5914246446075455,1.7486566636485568
19:56,8,1.6418458682033659,0.5850255675400898,1.7429609202767768
19:57,8,1.6390581656856757,0.5801193579771803,1.738692077396325
19:58,8,1.6372840528499746,0.5768075587302723,1.7359164811491408
19:59,8,1.636555002125297,0.5751666542190097,1.7346841081611433
20:00,8,1.6368906317360796,0.575243026995062,1.7350260748391604
20:01,8,1.6382976291400397,0.5770496146392927,1.736952900743492
20:02,8,1.6407692383267167,0.5805647349700402,1.7404537066322872
20:03,9,1.4675734383319317,0.5824445257990787,1.578927934558991
20:04,9,1.470612099399498,0.5877201774920949,1.5837029247720478
20:05,9,1.4745264862089522,0.5942543385577508,1.5897693472407968
20:06,9,1.4792752766239734,0.6019531874159697,1.5970607326808766
20:07,9,1.4848087235010454,0.6107099600269043,1.605497929198561
20:08,9,1.4910705874005807,0.6204098582068782,1.6149922256071054
20:09,9,1.4980001328534736,0.6309346739214426,1.6254485414141484
20:10,9,1.50553405695448,0.6421668313997532,1.6367684735477448
20:11,9,1.5136082467895997,0.6539926732441101,1.6488530381469608
20:12,8,11.239782741414029,9.327603888908492,14.606057318200879
20:13,8,11.339169173137861,9.410268998584,14.735328980472444
20:14,8,11.42674753112743,9.482881997040172,14.84909458889381
20:15,8,11.501501092230173,9.544592100282149,14.946028426820961
20:16,8,11.562501595136219,9.59462365972776,15.024920842032259
20:17,8,11.60893570201234,9.632298330808974,15.08471276714151
20:18,8,11.640129810545517,9.657055830307119,15.124528069200014
20:19,8,11.655571852549981,9.668472139375806,15.143701948989936
20:20,8,11.654928786814825,9.66627407092627,15.141803704974727
20:21,7,20.067084365298758,16.492496428681626,25.974801507886333
20:22,7,20.39721202696241,16.75889923521502,26.398995474240124
20:23,7,20.657503820897062,16.967290430807523,26.7324037204616
20:24,6,21.41970835267841,17.616189129457975,27.73326568146338
20:25,7,10.071362853523999,8.121542921989093,12.937998653619276
20:26,7,10.146410062972436,8.177468311279178,13.031524283366219
20:27,7,10.216185659933002,8.228832443360407,13.118084190121722
20:28,7,10.280392928011228,8.275400668370885,13.19730029121019
20:29,6,12.484244627967552,10.233194433688615,16.142324251749262
20:30,5,13.119020372392955,10.796418659523393,16.990331115165656
20:31,5,13.28644712997271,10.930913214387143,17.20507311922921
20:32,5,13.450984657873041,11.062713586653658,17.41587265016219
20:33,5,13.612279144513108,11.191526665356855,17.622270359109237
20:34,5,13.769986823836136,11.317068400619938,17.823820418555925
20:35,5,13.923777846010871,11.439067016209247,18.020095552088215
20:36,5,14.073340152517803,11.557266213569704,18.210692062076873
20:37,4,14.623805440045329,11.672292252905269,18.710908368797377
20:38,5,9.867272501581734,7.4677378585461724,12.374577784491672
20:39,5,9.848143331228465,7.480526252475432,12.36706109333959
20:40,5,9.832799559823522,7.495107278848952,12.363679885257472
20:41,5,9.821107436452865,7.511400780207014,12.364274865888587
20:42,5,9.812931994432113,7.529326773723303,12.368686106165683
20:43,6,6.982907412487821,5.701448194306277,9.014849274598863
20:44,6,7.010077499124068,5.727485105835755,9.052362795496872
20:45,6,7.035981188160762,5.752080606138468,9.08798451691388
20:46,5,16.13175210318417,13.246351232314158,20.8734100445619
20:47,5,16.49610404068738,13.545000570225563,21.344518944417402
20:48,5,16.882612255819932,13.861025355565156,21.84377761487196
20:49,5,17.29340158906902,14.19612076037136,22.373904066207615
20:50,5,17.730851858599856,14.552183753924778,22.93794148653288
20:51,5,18.197637950113172,14.931344853111503,23.539309379969893
20:52,6,9.442661054329923,7.857167016810197,12.284092205653991
20:53,6,9.485298810876879,7.8912448576714,12.338664390255035
20:54,6,9.526388842855285,7.92359829682844,12.39094404614839
20:55,6,9.565803168516075,7.954122087262145,12.440765588896195
20:56,7,1.9936474770312451,0.636492995470128,2.0927860846143798
20:57,7,1.9800017748358245,0.6223459740573243,2.0755051288248785
20:58,7,1.9671612505796756,0.6095673258416944,2.0594406304907134
20:59,7,1.9551750551053402,0.5983197429521661,2.0446750379736423
21:00,7,1.944088785082143,0.5887577469840101,2.031284541593287
21:01,7,1.933943005109851,0.5810201192025588,2.019336506363285
21:02,7,1.924771767243878,0.5752219365870952,2.00888691376845
21:03,7,1.9166012118503633,0.5714469878905772,1.9999779661875015
21:04,7,1.909448341010875,0.5697414666446613,1.9926360193983226
21:05,7,1.9033200544701887,0.570109799003159,1.986870003968006
21:06,7,1.8982125269177006,0.5725132370153928,1.9826704728484574
21:07,7,1.8941109843099824,0.5768714654576039,1.9800093708220003
21:08,7,1.8909899077727856,0.5830670223996098,1.978840565560671
21:09,7,2.035627478037269,0.5851479740194032,2.118059815217546
21:10,7,2.0338231168582324,0.599256877595535,2.1202700950615903
21:11,7,2.032879365841584,0.6146828404693206,2.1237781217518727
21:12,7,2.0327342278016576,0.6311787697004139,2.1284724757903097
21:13,7,2.0333208745287585,0.6485087090034749,2.1342345992059424
21:14,7,2.0345693643548843,0.6664533401347047,2.1409419779499266
21:15,7,2.036408314073808,0.6848134700499153,2.1484711565182195
21:16,7,2.0387664445309484,0.7034118262611216,2.156700445743305
21:17,7,2.041573939924047,0.7220935248378059,2.1655122282706425
21:18,6,14.659169322087047,12.396671784111424,19.19814357005912
21:19,6,14.780661003602507,12.487746094486447,19.349722019289512
21:20,6,14.889837560843963,12.567588880334942,19.484649159105693
21:21,7,1.9898521136600065,0.7893783915105933,2.140707751941177
21:22,8,1.762994418285851,0.6553798091598917,1.8808700149562496
21:23,8,1.7556579015262639,0.6510468023713193,1.872484073649099
21:24,8,1.7484068984220225,0.6467288057449402,1.8641847630076782
21:25,8,1.7412373685960763,0.6424267734615933,1.8559686778218163
21:26,8,1.7341455834471189,0.6381418422353522,1.8478327617510946
21:27,8,1.727128117230165,0.6338753242927273,1.8397742959597583
21:28,8,1.7201818380136293,0.6296286999236338,1.831790887519499
21:29,8,1.7133038985118965,0.6254036095898052,1.8238804575804906
21:30,8,1.7064917267543966,0.6212018455175544,1.8160412292554422
21:31,8,1.6997430165844511,0.6170253427510817,1.808271715208945
21:32,8,1.6930557179736851,0.6128761696307254,1.800570704933472
21:33,8,1.6864280271347556,0.6087565176571151,1.7929372516894286
21:34,9,1.608092422615744,0.5834018038981416,1.7106486794388198
21:35,9,1.6014952118487902,0.579334219189977,1.7030604954314046
21:36,9,1.5949762701048475,0.5753272411857984,1.695567968749125
21:37,9,1.588535239973545,0.5713833544670897,1.6881715393880659
21:38,8,1.694101284912773,0.5687450275593863,1.787022683100759
21:39,8,1.687122996777698,0.5647145465008624,1.7791252134928095
21:40,8,1.6802395487448396,0.5607744098110419,1.7713477580264085
21:41,8,1.6734510260254116,0.5569276500335462,1.7636912269094585
21:42,8,1.6667575474122656,0.5531772264835656,1.7561565322475672
21:43,9,1.583847761459332,0.5484453051735881,1.6761163397111454
21:44,9,1.5803329349138073,0.545121746878924,1.6717086779979393
21:45,9,1.4887996628122349,0.511339085611644,1.5741639357017352
21:46,8,2.0137223072899433,0.510848661161407,2.0775090578593236
21:47,8,2.0224837859088916,0.5096403924857169,2.085707072893353
21:48,8,2.0314075693616336,0.5086074126942082,2.0941103631631353
21:49,8,2.0404916032635594,0.5077537270773615,2.1027172492634483
21:50,8,2.0497334095344284,0.5070827027668938,2.1115254953722467
21:51,8,2.0591300703485644,0.5065970225899289,2.120532289287448
21:52,8,2.0686782132979653,0.5062986436968722,2.129734224447491
21:53,8,2.078373997919724,0.5061887617483483,2.1391272841392923
21:54,8,2.088213103732312,0.5062677813666293,2.1487068280827017
21:55,8,2.0981907199186973,0.5065352934568569,2.1584675815657657
21:56,8,2.1083015367852087,0.506990059881784,2.1684036272866285
21:57,9,1.6485623206616198,0.5068661273586514,1.7247234549830828
21:58,9,1.6537362810276888,0.5079720805525644,1.7299940236336633
21:59,9,1.6588910389563027,0.5091890247407632,1.7352789234143229
22:00,9,1.6640214635425488,0.5105143150442067,1.7405724049850213
22:01,9,1.6691221551898743,0.5119447995001201,1.7458683360095941
22:02,9,1.6741874561863108,0.5134768380894716,1.7511602158871562
22:03,9,1.679211463006147,0.5151063257095447,1.7564411929459045
22:04,8,1.721677708516923,0.5216512224134201,1.7989702971003994
22:05,8,1.7261304889856546,0.5232702976439673,1.8037012694463186
22:06,8,1.730513675177224,0.5249715831035784,1.808389544053399
22:07,8,1.7348210731491043,0.5267497703562068,1.8130277097751504
22:08,8,1.7390463785197474,0.5285992584467191,1.8176081763331364
22:09,8,1.7431831962553848,0.5305141901282182,1.8221232015521176
22:10,8,1.7472250612381166,0.5324884891185453,1.8265649196407696
22:11,8,1.7511654594723591,0.5345158979535665,1.830925370301626
22:12,8,1.7549978497779632,0.5365900160223208,1.8351965284459615
22:13,8,1.758715685818528,0.5387043373884419,1.8393703342897685
22:14,8,1.762312438307336,0.5408522880279931,1.8434387236026761
22:15,8,1.7657816172377765,0.5430272621474624,1.8473936578894674
22:16,9,1.5795694758623657,0.5256241325791521,1.6647283435520928
22:17,9,1.5797649476368623,0.5274378406156961,1.6654873057142905
22:18,9,1.5798563906085357,0.5292800091643057,1.666158318722323
22:19,8,1.689007810030255,0.5378481702049661,1.772576665912092
22:20,7,1.7954135170643482,0.5516736677769553,1.8782581113829513
22:21,7,1.7909558488600041,0.5538255257282987,1.8746321147132001
22:22,7,1.7864874934545718,0.5560121755545936,1.8710123205458993
22:23,6,2.0018059538201496,0.6236227583823942,2.0966955958179208
22:24,7,1.7511518880543,0.6279720036205307,1.8603445305553816
22:25,7,1.7531570361905893,0.6329024937218286,1.8639005231245256
22:26,7,1.7551106227886473,0.637853350460879,1.8674234107239105
22:27,7,1.7570129337873932,0.6428192871257701,1.8709118326091867
22:28,7,1.7588642856036436,0.647795158941902,1.8743644637904817
22:29,7,1.7606650220953306,0.6527759713420467,1.877780016080559
22:30,7,1.7624155117560338,0.6577568869578445,1.8811572391532712
22:31,7,1.7641161451439165,0.6627332314100787,1.8844949216096807
22:32,7,1.765767332540066,0.6677004979759269,1.8877918920429129
22:33,7,1.7673695018368278,0.6726543512162328,1.8910470201010572
22:34,7,1.7689230966527767,0.6775906296459164,1.89425921754537
22:35,7,1.7704285746725248,0.6825053475283442,1.8974274393034833
22:36,7,1.771886406207691,0.6873946958763979,1.9005506845182036
22:37,7,1.7732970729771682,0.6922550427383162,1.9036279975945984
22:38,6,2.2061917865602703,0.7230153453882202,2.3216445440146183
22:39,6,2.205777125536927,0.728752429989458,2.3230438721120805
22:40,6,2.205362880865346,0.734501466326174,2.32446076334577
22:41,7,1.9519067414689468,0.4381472680940478,2.000478181818087
22:42,6,2.2282673183458477,0.6844628302770114,2.331022223840651
22:43,6,2.2243727596636553,0.6800576827850954,2.326007873126989
22:44,6,2.220456216665664,0.6756119842847319,2.32096474842647
22:45,6,2.2165194086127826,0.6711270685185725,2.3158950388252686
22:46,6,2.212564093107757,0.6666047259594842,2.310801100653466
22:47,6,2.2085920747967474,0.6620472142593478,2.305685465705061
22:48,6,2.2046052133722216,0.6574572672488568,2.300550848185346
22:49,7,1.9376697305217485,0.6201506805710753,2.034490317301361
22:50,7,1.9369238918063605,0.6158267796879818,2.03246569103421
22:51,7,1.9362042980231864,0.6115397106493932,2.0304846469216664
22:52,7,1.9355126238940248,0.607292046057839,2.0285494192792664
22:53,7,1.9348504942399467,0.603086652313697,2.0266622671919237
22:54,7,1.9342194855633277,0.5989266980718063,2.0248254759351636
22:55,7,1.9336211274972113,0.5948156605546879,2.023041357645636
22:56,7,1.9330569040522367,0.5907573294989853,2.0213122511528967
22:57,7,1.9325282545966762,0.5867558085138892,2.0196405208945634
22:58,7,1.9320365745055168,0.5828155136257314,2.0180285548400536
22:59,6,1.9538987057984951,0.5928747803742173,2.0418669539724696
23:00,6,1.9528302855107615,0.5886462388028713,2.0396201897571054
23:01,6,1.9518144374085522,0.5845015571378854,2.0374547033917283
23:02,6,1.9508532285695563,0.5804467496080873,2.035373859651061
23:03,6,1.949948718973576,0.5764880858423057,2.0333810562078165
23:04,6,1.9491029570303657,0.5726320659169678,2.0314797119392676
23:05,6,1.9483179745699877,0.5688853915695851,2.0296732541898903
23:06,6,1.9475957813081028,0.5652549335880607,2.0279651050535272
23:07,6,1.9469383588096922,0.5617476954453434,2.0263586667573765
23:08,6,1.9463476539875,0.5583707733148593,2.0248573062502153
23:09,6,1.9458255721745867,0.555131312664964,2.023464339105012
23:10,6,1.9453739698274766,0.5520364617125163,2.022183012870593
23:11,7,1.839014545437654,0.5437213741259157,1.9177089015313653
23:12,7,1.8361091290238833,0.5406590742411109,1.9140556335289993
23:13,7,1.8332554113920136,0.5377441488021034,1.9104957924499597
23:14,7,1.830455648852708,0.5349826725278704,1.9070328634614166
23:15,7,1.8277120044925628,0.53238050205112,1.9036701842310881
23:16,7,1.8250265398330896,0.5299432286454616,1.9004109283737334
23:17,7,1.8224012068091333,0.5276761317780119,1.897258089619752
23:18,8,1.680419419086715,0.5130927787376534,1.7570070072815474
23:19,8,1.678974964107951,0.5117418944434701,1.755231237367284
23:20,8,1.677597443217025,0.5105852963287864,1.753576495712535
23:21,8,1.6762876773862103,0.5096235109428281,1.7520435212238739
23:22,8,1.6750463308371544,0.5088565917716833,1.7506328117113843
23:23,8,1.673873910639513,0.5082841152098998,1.7493446231358554
23:24,8,1.6727707671305716,0.5079051805190102,1.7481789701757224
23:25,9,1.5409251826323618,0.5004995902574865,1.6201698239130642
23:26,9,1.5431803325006603,0.4977202403112874,1.6214595203804425
23:27,9,1.54242821645104,0.49830107055338335,1.6209221942520817
23:28,9,1.5416984995940017,0.4990106034652989,1.620446187326564
23:29,9,1.5409916623671909,0.49984677787164494,1.6200315135310992
23:30,8,1.675101849846652,0.5265426342649122,1.7559081277385522
23:31,8,1.6753810594848126,0.5289798071504866,1.7569067507564025
23:32,7,1.7194009496790699,0.5318166150968211,1.7997690234722699
23:33,7,1.7199590981189112,0.5344600527647199,1.8010849083825242
23:34,7,1.7205935690183334,0.5372553743314599,1.8025220018061592
23:35,7,1.7213043603821627,0.5401977426388863,1.8040793503121737
23:36,7,1.722091404736605,0.5432821774579095,1.805755888986964
23:37,7,1.7229545750580637,0.546503590642546,1.8075504535969968
23:38,8,1.6145616417064108,0.5445875648090328,1.7039321907324638
23:39,8,1.6170340220835044,0.5480301270967306,1.7073769498213376
23:40,8,1.619574852602474,0.5515970804500133,1.710930168751286
23:41,8,1.622182720546219,0.5552829556979152,1.7145891460426737
23:42,8,1.6248562448048585,0.5590823333020498,1.7183512073181693
23:43,8,1.627594082007176,0.5629898720539138,1.7222137183927155
23:44,8,1.6303949323591336,0.5670003354521674,1.7261740977853925
23:45,8,1.6332575451513496,0.5711086156754482,1.730229828575539
23:46,8,1.6361807238994075,0.5753097551052431,1.7343784695328883
23:47,8,1.6391633310887372,0.5795989653865367,1.738617665463879
23:48,8,1.642204292501201,0.5839716440503955,1.7429451567287746
23:49,8,1.6453026011082081,0.588423388749671,1.7473587878970598
23:50,8,1.6484573205199897,0.5929500091809037,1.7518565155182024
23:51,8,1.6516675879863902,0.5975475367868289,1.7564364149962237
23:52,8,1.6549326169504488,0.6022122323484822,1.7610966865668118
23:53,8,1.6582516991601333,0.6069405915877434,1.765835660384156
23:54,8,1.6616242063483224,0.6117293489086104,1.770651800732952
23:55,8,1.6650495914947976,0.6165754794134751,1.775543709389028
23:56,7,1.7746613803929558,0.6628933748927486,1.894426203771192
23:57,7,1.7782945774044059,0.6676409955414981,1.8994936438307861
23:58,7,1.781965936204157,0.672394361495872,1.9046040993244238
23:59,7,1.785675655757915,0.6771517095972601,1.9097570487831566
