time,x,y,z
00:00,10115.733754908775,14804.577694094643,5533.741970190379
00:01,9941.009181126703,14842.423957864285,5744.830285871216
00:02,9764.125563656995,14877.046664582022,5954.670437949987
00:03,9585.121319117035,14908.438294955531,6163.216835184505
00:04,9404.035325790024,14936.592033180143,6370.424168167514
00:05,9220.906915130337,14961.501768411736,6576.24741921659
00:06,9035.77586314467,14983.162096090115,6780.6418722245535
00:07,8848.682381679168,15001.568319104981,6983.563122437867
00:08,8659.667109617378,15016.71644880216,7184.967086164215
00:09,8468.771103973113,15028.603205839432,7384.810010409307
00:10,8276.035830900017,15037.226020878521,7583.048482443107
00:11,8081.5031566056205,15042.583035125785,7779.6394392851
00:12,7885.215338186871,15044.673100711736,7974.540177109411
00:13,7687.21501436932,15043.495780915075,8167.708360578198
00:14,7487.545196170842,15039.05135022887,8359.102032085226
00:15,7286.249257479901,15031.340794271784,8548.67962091525
00:16,7083.370925560535,15020.365809537874,8736.399952319805
00:17,6878.954271471447,15006.128802994917,8922.222256502399
00:18,6673.043700418107,14988.632891521956,9106.106177513479
00:19,6465.6839420346905,14967.881901189798,9288.011782052341
00:20,6256.920040581842,14943.880366389754,9467.899568177068
00:21,6046.797345096512,14916.633528802064,9645.730473910493
00:22,5835.361499455671,14886.14733621005,9821.465885759757
00:23,5622.6584323967,14852.428441156804,9995.067647125099
00:24,5408.734347455884,14815.484199452758,10166.498066610766
00:25,5193.635712871867,14775.322668519912,10335.71992623109
00:26,4977.409251402406,14731.952605590424,10502.696489514661
00:27,4760.101930121334,14685.383465744584,10667.391509493013
00:28,4541.760950133622,14635.625399799252,10829.769236590028
00:29,4322.433736260565,14582.689252043736,10989.794426390657
00:30,4102.167926686489,14526.58655782582,11147.432347292262
00:31,3881.011362471554,14467.32954096771,11302.648788098764
00:32,3659.0120771995603,14404.931111068585,11455.410065382483
00:33,3436.21828641592,14339.404860622184,11605.68303083985
00:34,3212.6783771080186,14270.765062000322,11753.43507847653
00:35,2988.440897131689,14199.026664284922,11898.634151682578
00:36,2763.5545446103847,14124.20528995383,12041.248750181607
00:37,2538.0681573027996,14046.317231416948,12181.247936860464
00:38,2312.030701934638,13965.379447408732,12318.601344472212
00:39,2085.4912635155915,13881.409559233425,12453.279182212787
00:40,1858.4990346201228,13794.425846866568,12585.252242171382
00:41,1631.103304659759,13704.44724491422,12714.491905648214
00:42,1403.3534491278742,13611.493338427867,12840.970149345374
00:43,1175.2989188300032,13515.584358577578,12964.659551425977
00:44,946.9892290997933,13416.741178187685,13085.533297436745
00:45,718.4739490066696,13314.985307130046,13203.56518609978
00:46,489.8026905468368,13210.338887579552,13318.729634968664
00:47,261.02509783710565,13102.824689135037,13431.001685944744
00:48,32.190836294521986,12992.466103799157,13540.35701066142
00:49,-196.65041818044926,12879.287140829563,13646.771915723142
00:50,-425.4489900220394,12763.31242145095,13750.223347810035
00:51,-654.1552148150631,12644.567173438341,13850.688898638127
00:52,-882.7194501075633,12523.077225566643,13948.14680978001
00:53,-1111.0920862105895,12398.869001934096,14042.575977339395
00:54,-1339.2235569977202,12271.969516151557,14133.955956486561
00:55,-1567.0643506829751,12142.406365410285,14222.266965844407
00:56,-1794.5650205909885,12010.207724420012,14307.489891731972
00:57,-2021.6761959052844,11875.402339225568,14389.60629225955
00:58,-2248.348592407265,11738.019520895927,14468.598401279058
00:59,-2474.5330231815356,11598.089139097354,14544.449132183185
01:00,-2700.1804093055816,11455.641615542418,14617.142081558182
01:01,-2925.241790511987,11310.707917321717,14686.661532686203
01:02,-3149.6683358214696,11163.319550118624,14752.992458897526
01:03,-3373.41135414808,11013.508551306802,14816.120526772676
01:04,-3596.422304867149,10861.307482937136,14876.03209919143
01:05,-3818.65280835061,10706.749424609434,14932.71423823157
01:06,-4040.0546564690317,10549.867966232076,14986.154707914862
01:07,-4260.5798230498585,10390.697200674642,15036.341976799127
01:08,-4480.180474287547,10229.271716316667,15083.265220416242
01:09,-4698.808979127418,10065.626589479536,15126.91432355888
01:10,-4916.417919585098,9899.79737676536,15167.279882409866
01:11,-5132.960101028833,9731.820107286972,15204.353206518079
01:12,-5348.388562404323,9561.73127480056,15238.126320618967
01:13,-5562.656586415495,9389.567829733996,15268.591966300004
01:14,-5775.717709638107,9215.367171125577,15295.743603509676
01:15,-5987.5257325912535,9039.167138457728,15319.575411911106
01:16,-6198.034729735093,8861.006003406284,15340.082292078878
01:17,-6407.199059415198,8680.922461492964,15357.259866539704
01:18,-6614.973373747291,8498.95562364394,15371.104480656873
01:19,-6821.31262842456,8315.145007669867,15381.61320335726
01:20,-7026.1720924683505,8129.530529650847,15388.783827702035
01:21,-7229.5073579036925,7942.152495240981,15392.614871300453
01:22,-7431.274349367434,7753.051590886747,15393.105576566628
01:23,-7631.429333636092,7562.268874970519,15390.255910819516
01:24,-7829.9289290840825,7369.845768869615,15384.066566225996
01:25,-8026.730115062708,7175.82404793996,15374.538959587177
01:26,-8221.790241196444,6980.245832427553,15361.675231968136
01:27,-8415.067036602964,6783.153578301828,15345.478248170915
01:28,-8606.518619024426,6584.590068023176,15325.951596051276
01:29,-8796.103503877024,6384.598401237347,15303.099585679198
01:30,-8983.780613210267,6183.221985406291,15276.9272483435
01:31,-9169.509284580623,5980.504526369739,15247.440335400403
01:32,-9353.249279828178,5776.49001885019,15214.645316967564
01:33,-9534.960793769105,5571.222736887384,15178.549380461545
01:34,-9714.604462781987,5364.747224226968,15139.160428982319
01:35,-9892.141373309076,5157.108284638125,15096.487079541781
01:36,-10067.533070251138,4948.350972186705,15050.53866113939
01:37,-10240.74156526451,4738.520581453019,15001.325212683914
01:38,-10411.729344959216,4527.662637693698,14948.857480761872
01:39,-10580.459378986614,4315.822886967143,14893.146917254195
01:40,-10746.89512802887,4103.047286198451,14834.205676800579
01:41,-10911.000551676903,3889.3819932118085,14772.046614111914
01:42,-11072.740116203706,3674.87335670952,14706.683281132102
01:43,-11232.078802219969,3459.5679062264903,14638.12992405115
01:44,-11388.982112226873,3243.5123420299915,14566.401480166393
01:45,-11543.41607804949,3026.7535249958105,14491.51357459606
01:46,-11695.347268156223,2809.3384664453765,14413.482516845546
01:47,-11844.742794863072,2591.314317951426,14332.325297224843
01:48,-11991.57032141769,2372.7283611203557,14248.059583120094
01:49,-12135.798068964514,2153.62799734099,14160.703715120224
01:50,-12277.394823391089,1934.0607375095628,14070.276702996305
01:51,-12416.329942049026,1714.0741917324945,13976.798221538987
01:52,-12552.57336034841,1493.7160590187639,13880.288606254064
01:53,-12686.09559823573,1273.034116932313,13780.768848910726
01:54,-12816.867766535908,1052.0762112507462,13678.260592953744
01:55,-12944.861573170749,830.8902455964602,13572.786128773143
01:56,-13070.049329245368,609.5241710637655,13464.3683888362
01:57,-13192.403955009026,388.0259758307642,13353.03094267699
01:58,-13311.898985677151,166.4436747683333,13238.79799175487
01:59,-13428.508577125787,-55.174700957838795,13121.694364171672
02:00,-13542.207511446892,-276.78111428490854,13001.745509258692
02:01,-13652.971202372379,-498.3275326560968,12878.977492025631
02:02,-13760.775700558912,-719.7659384177217,12753.416987479346
02:03,-13865.59769873542,-941.0483392153167,12625.09127481066
02:04,-13967.414536709588,-1162.1267783754633,12494.02823145389
02:05,-14066.204206238539,-1382.953345296063,12360.25632701172
02:06,-14161.94535575549,-1603.480185806785,12223.8046170571
02:07,-14254.617294953421,-1823.6595125297113,12084.70273680895
02:08,-14344.199999228209,-2043.443615216635,11942.980894681006
02:09,-14430.674113975776,-2262.784871076677,11798.669865708529
02:10,-14514.020958745003,-2481.635755078007,11651.800984852769
02:11,-14594.222531244686,-2699.948850230136,11502.406140184856
02:12,-14671.261511203984,-2917.6768578415085,11350.517765950282
02:13,-14745.121264083193,-3134.772607754228,11196.168835517663
02:14,-14815.785844640937,-3351.1890685426274,11039.392854207144
02:15,-14883.240000346183,-3566.8793576945704,10880.2238520084
02:16,-14947.469174643975,-3781.7967517415855,10718.696376186102
02:17,-15008.45951007139,-3995.8946963706912,10554.845483768115
02:18,-15066.197851218845,-4209.126816489795,10388.706733931002
02:19,-15120.671747541142,-4421.446926257943,10220.316180273901
02:20,-15171.86945601735,-4632.809039070567,10049.710362985226
02:21,-15219.779943656125,-4843.167377504434,9876.92630090511
02:22,-15264.39288984551,-5052.476383214206,9702.00148348877
02:23,-15305.698688553573,-5260.690726782422,9524.973862660385
02:24,-15343.688450368156,-5467.765317521116,9345.88184457572
02:25,-15378.35400438703,-5673.655313215764,9164.764281281374
02:26,-15409.687899948969,-5878.316129819196,8981.660462281581
02:27,-15437.68340820978,-6081.703451091903,8796.610106007205
02:28,-15462.334523564388,-6283.773238172457,8609.65335119607
02:29,-15483.63596490653,-6484.481739106589,8420.830748179733
02:30,-15501.583176739548,-6683.785498291388,8230.183250083053
02:31,-15516.172330122814,-6881.6413658682395,8037.7522039411615
02:32,-15527.400323465698,-7078.006507050808,7843.579341720615
02:33,-15535.26478316128,-7272.838411375053,7647.706771270278
02:34,-15539.764064063198,-7466.09490188689,7450.176967183236
02:35,-15540.897249807022,-7657.7341442469515,7251.032761584353
02:36,-15538.664152968959,-7847.714655775195,7050.317334837157
02:37,-15533.065315072485,-8035.995314403898,6848.074206178159
02:38,-15524.102006430956,-8222.535367565668,6644.347224277656
02:39,-15511.77622583884,-8407.294440984117,6439.180557734396
02:40,-15496.09070009996,-8590.232547401953,6232.618685490027
02:41,-15477.04888340199,-8771.31009520654,6024.70638718993
02:42,-15454.654956528897,-8950.487896984014,5815.488733471755
02:43,-15428.91382592165,-9127.727177972922,5605.011076193998
02:44,-15399.83112257841,-9302.989584434668,5393.319038604114
02:45,-15367.413200796589,-9476.237191933636,5180.458505448978
02:46,-15331.667136763317,-9647.432513516744,4966.475613027225
02:47,-15292.600726982797,-9816.538507806636,4751.416739191617
02:48,-15250.222486555405,-9983.51858698657,4535.328493297895
02:49,-15204.541647294205,-10148.33662469873,4318.257706102331
02:50,-15155.568155691117,-10310.956963833298,4100.251419613585
02:51,-15103.312670726928,-10471.34442421607,3881.3568769036883
02:52,-15047.78656152586,-10629.464310197462,3661.621511868858
02:53,-14989.001904857992,-10785.28241813135,3441.0929389538505
02:54,-14926.971482489422,-10938.765043745447,3219.8189428399583
02:55,-14861.708778377842,-11089.878989406994,2997.8474680931213
02:56,-14793.227975716492,-11238.591571277118,2775.226608780135
02:57,-14721.543953830022,-11384.870626348518,2552.004598055366
02:58,-14646.672284913875,-11528.684519379254,2328.229797712053
02:59,-14568.629230631976,-11670.002149698867,2103.9506877153094
03:00,-14487.43173855639,-11808.792957911315,1879.2158557039584
03:01,-14403.097438468423,-11945.026932467184,1654.073986473281
03:02,-14315.644638500384,-12078.674616131731,1428.5738514346765
03:03,-14225.092321144675,-12209.707112314481,1202.7642980639982
03:04,-14131.460139109135,-12338.09609128814,976.694239326197
03:05,-14034.768411023468,-12463.813796287726,750.4126430930154
03:06,-13935.03811701417,-12586.833049471335,523.9685215476917
03:07,-13832.290894125763,-12707.127257767506,297.41092058189025
03:08,-13726.549031607523,-12824.670418587262,70.78890918436855
03:09,-13617.835466053872,-12939.437125413873,-155.84843116970632
03:10,-13506.173776410787,-13051.402573257179,-382.4520171357672
03:11,-13391.588178837817,-13160.542563983287,-608.972774111582
03:12,-13274.103521441668,-13266.833511503273,-835.3616468503643
03:13,-13153.745278859962,-13370.252446842807,-1061.5696100659636
03:14,-13030.539546725684,-13470.777023061997,-1287.5476790287878
03:15,-12904.513035988562,-13568.385520049878,-1513.2469201527506
03:16,-12775.693067102198,-13663.0568491838,-1738.61846157386
03:17,-12644.107564090167,-13754.77055784261,-1963.6135037088127
03:18,-12509.785048473317,-13843.506833790967,-2188.1833297944013
03:19,-12372.754633071785,-13929.246509420303,-2412.2793164178647
03:20,-12233.04601568026,-14011.971065850794,-2635.8529440169305
03:21,-12090.689472618054,-14091.662636892457,-2858.855807356586
03:22,-11945.71585215282,-14168.304012865548,-3081.2396259853226
03:23,-11798.156567806287,-14241.878644276301,-3302.9562546546667
03:24,-11648.043591535274,-14312.37064535107,-3523.9576937166144
03:25,-11495.409446789057,-14379.764797430527,-3744.196099484043
03:26,-11340.287201460129,-14444.046552210859,-3963.6237945531234
03:27,-11182.710460707216,-14505.202034847838,-4182.1932780934185
03:28,-11022.713359668425,-14563.218046910764,-4399.857236098632
03:29,-10860.33055606249,-14618.082069190896,-4616.568551589299
03:30,-10695.597222672606,-14669.78226436492,-4832.2803147798395
03:31,-10528.549039727912,-14718.307479508021,-5046.945833190501
03:32,-10359.222187172,-14763.647248459678,-5260.51864172027
03:33,-10187.653336822254,-14805.791794045264,-5472.952512661924
03:34,-10013.879644419672,-14844.732030144487,-5684.201465683825
03:35,-9837.938741632512,-14880.45956360215,-5894.219777678467
03:36,-9659.868727829129,-14912.966696018044,-6102.961992710937
03:37,-9479.708161891736,-14942.246425350993,-6310.382931749327
03:38,-9297.496053851248,-14968.292447398844,-6516.437702412973
03:39,-9113.27185645535,-14991.099157113118,-6721.081708644853
03:40,-8927.075456626519,-15010.661649774056,-6924.270660316743
03:41,-8738.947166845772,-15026.97572200464,-7125.960582765377
03:42,-8548.927716426562,-15040.037872642837,-7326.1078262652645
03:43,-8357.058242718245,-15049.845303455471,-7524.669075422725
03:44,-8163.380282210728,-15056.3959197067,-7721.601358500299
03:45,-7967.9357615610315,-15059.688330569694,-7916.862056669389
03:46,-7770.766988535827,-15059.721849391653,-8110.408913178422
03:47,-7571.916642871157,-15056.496493805913,-8302.200042447765
03:48,-7371.4277670575875,-15050.012985691752,-8492.193939081173
03:49,-7169.343757042787,-15040.272750985923,-8680.349486795363
03:50,-6965.708352871148,-15027.27791933837,-8866.625967262444
03:51,-6760.565629233333,-15011.031323623089,-9050.983068870883
03:52,-6553.959985962656,-14991.536499292359,-9233.380895392971
03:53,-6345.936138453647,-14968.797683585422,-9413.77997456215
03:54,-6136.539108011982,-14942.819814584645,-9592.141266562749
03:55,-5925.814212151496,-14913.608530118601,-9768.426172423275
03:56,-5713.807054816523,-14881.170166522665,-9942.596542310957
03:57,-5500.563516551768,-14845.511757242908,-10114.61468373546
03:58,-5286.12974460887,-14806.64103129607,-10284.443369648912
03:59,-5070.552143004795,-14764.566411577263,-10452.045846446414
04:00,-4853.877362517494,-14719.297013021644,-10617.385841865771
04:01,-4636.152290635289,-14670.842640617224,-10780.427572781913
04:02,-4417.424041458877,-14619.213787271978,-10941.135752892918
04:03,-4197.739945531047,-14564.421631527097,-11099.475600318194
04:04,-3977.1475397079266,-14506.478035145796,-11255.412845025205
04:05,-3755.694556834676,-14445.395540518537,-11408.913736255889
04:06,-3533.4289155246815,-14381.187367958933,-11559.945049736942
04:07,-3310.3987098245652,-14313.86741283717,-11708.474094830392
04:08,-3086.6521988678096,-14243.450242574356,-11854.468721553945
04:09,-2862.237796483556,-14169.951093491616,-11997.897327491248
04:10,-2637.2040607827057,-14093.385867519111,-12138.728864579058
04:11,-2411.5996837024286,-14013.771128762504,-12276.932845779575
04:12,-2185.473480535895,-13931.12409992583,-12412.479351632452
04:13,-1958.8743794219977,-13845.462658598863,-12545.33903668283
04:14,-1731.8514108293507,-13756.805333402366,-12675.483135786346
04:15,-1504.453697005031,-13665.171299994247,-12802.88347029336
04:16,-1276.7304414078114,-13570.580376939337,-12927.512454105457
04:17,-1048.7309181272428,-13473.053021442942,-13049.343099604363
04:18,-820.5044612898794,-13372.610324947504,-13168.349023454328
04:19,-592.1004544476423,-13269.274008594064,-13284.504452276246
04:20,-363.56831995817606,-13163.066418551383,-13397.784228189656
04:21,-134.95750836086108,-13054.01052121001,-13508.163814225527
04:22,93.6825122577548,-12942.129898247946,-13615.619299603448
04:23,322.30226689807387,-12827.448741561519,-13720.127404879177
04:24,550.8522842850465,-12709.991848068445,-13821.665486955688
04:25,779.2831075046336,-12589.784614383221,-13920.211543957976
04:26,1007.545304631679,-12466.85303136435,-14015.744219972095
04:27,1235.589479368635,-12341.223678532207,-14108.242809648606
04:28,1463.3662816499786,-12212.9237183686,-14197.687262662987
04:29,1690.8264182656014,-12081.980890483925,-14284.058188042321
04:30,1917.9206634485693,-11948.423505669198,-14367.336858346842
04:31,2144.59986946464,-11812.280439821467,-14447.505213713479
04:32,2370.8149771781555,-11673.58112775112,-14524.545865756334
04:33,2596.5170265980255,-11532.355556870132,-14598.442101324817
04:34,2821.6571674079373,-11388.634260762996,-14669.177886117433
04:35,3046.18666947104,-11242.448312638926,-14736.737868153534
04:36,3270.056933309971,-11093.82931867272,-14801.107381097272
04:37,3493.2195005573976,-10942.80941122982,-14862.272447438134
04:38,3715.6260643803007,-10789.421241979862,-14920.219781524202
04:39,3937.228479872463,-10633.697974898181,-14974.936792449198
04:40,4157.9787744105315,-10475.673279160506,-15026.41158679108
04:41,4377.829157976502,-10315.381321928066,-15074.632971203135
04:42,4596.73203344067,-10152.856761026427,-15119.590454856918
04:43,4814.640006807465,-9988.134737519416,-15161.274251735076
04:44,5031.505897415344,-9821.250868179946,-15199.675282775477
04:45,5247.282748094313,-9652.241237859547,-15234.785177864349
04:46,5461.923835274745,-9481.142391758121,-15266.596277679373
04:47,5675.382679054526,-9307.991327590364,-15295.101635382422
04:48,5887.613053205332,-9132.825487662523,-15320.295018159788
04:49,6098.568995132608,-8955.682750849262,-15342.170908611559
04:50,6308.204815781698,-8776.60142447556,-15360.72450598901
04:51,6516.4751094843095,-8595.620236108774,-15375.951727279547
04:52,6723.334763744384,-8412.778325261634,-15387.849208138994
04:53,6928.738968969268,-8228.115235001262,-15396.414303671534
04:54,7132.643228130841,-8041.670903477203,-15401.64508905626
04:55,7335.003366365731,-7853.485655360464,-15403.540360020927
04:56,7535.77554051106,-7663.600193196632,-15402.099633162328
04:57,7734.916248564807,-7472.05558868296,-15397.3231461131
04:58,7932.382339077127,-7278.89327386375,-15389.211857555381
04:59,8128.131020474201,-7084.155032242408,-15377.767447080558
05:00,8322.119870302644,-6887.88298982059,-15362.99231489569
05:01,8514.306844394427,-6690.119606066364,-15344.889581376301
05:02,8704.650285957381,-6490.907664804776,-15323.463086465672
05:03,8893.108934586722,-6290.290265035439,-15298.71738892043
05:04,9079.641935188893,-6088.310811686564,-15270.657765402993
05:05,9264.208846822874,-5885.013006300157,-15239.29020942068
05:06,9446.76965145855,-5680.440837647348,-15204.621430111281
05:07,9627.28476263953,-5474.638572289154,-15166.658850876765
05:08,9805.715034065242,-5267.65074506523,-15125.41060786251
05:09,9982.021768073915,-5059.5221495303185,-15080.885548285632
05:10,10156.166724032691,-4850.297828334574,-15033.093228610442
05:11,10328.112126637292,-4640.023063539462,-14982.04391257155
05:12,10497.820674110551,-4428.743366886411,-14927.748569045443
05:13,10665.255546298253,-4216.504470018966,-14870.218869772149
05:14,10830.380412675639,-4003.3523146374837,-14809.467186923192
05:15,10993.159440235835,-3789.333042632196,-14745.506590522591
05:16,11153.55730128989,-3574.4929861432556,-14678.350845714143
05:17,11311.539181148524,-3358.8786575988042,-14608.014409882191
05:18,11467.070785701779,-3142.536739701871,-14534.512429622151
05:19,11620.118348891376,-2925.5140753752044,-14457.860737561188
05:20,11770.648640066709,-2707.8576576769997,-14378.075849033457
05:21,11918.628971231043,-2489.61461967763,-14295.174958606824
05:22,12064.027204175763,-2270.832224300734,-14209.175936461468
05:23,12206.811757496209,-2051.5578541326545,-14120.097324624408
05:24,12346.951613488294,-1831.8390012145605,-14027.958333058677
05:25,12484.416324930788,-1611.7232567933404,-13932.778835606414
05:26,12619.176021746389,-1391.2583010519156,-13834.57936578767
05:27,12751.201417537133,-1170.4918928241516,-13733.381112458841
05:28,12880.463816000693,-949.4718592807565,-13629.205915325905
05:29,13006.935117219758,-728.2460856018395,-13522.07626031763
05:30,13130.587823825519,-506.8625046349215,-13412.015274817892
05:31,13251.395047034574,-285.3690865305657,-13299.046722757534
05:32,13369.330512555924,-63.81382837725883,-13183.194999567802
05:33,13484.368566364274,157.75525617325744,-13064.485126999616
05:34,13596.484180350359,379.29014730460705,-12942.942747797204
05:35,13705.652957829347,600.7428294151656,-12818.59412024467
05:36,13811.851138918764,822.065301518606,-12691.466112573986
05:37,13915.055605780182,1043.2095876315798,-12561.586197240384
05:38,14015.243887725734,1264.1277471759154,-12428.98244506236
05:39,14112.394166183463,1484.7718853576255,-12293.683519234857
05:40,14206.485279526132,1705.094163554014,-12155.718669208516
05:41,14297.496727757603,1925.0468096857658,-12015.117724442418
05:42,14385.408677059615,2144.582128580952,-11871.911088026647
05:43,14470.201964194703,2363.652512326085,-11726.129730179722
05:44,14551.85810076618,2582.210450597422,-11577.805181620555
05:45,14630.35927733113,2800.208540980798,-11426.969526818402
05:46,14705.688367371535,3017.599499267973,-11273.655397116114
05:47,14777.828931115317,3234.3361697377964,-11117.895963734476
05:48,14846.765219210989,3450.3715353969833,-10959.72493065962
05:49,14912.482176253545,3665.658728215992,-10799.17652740636
05:50,14974.965444161287,3880.151039317453,-10636.28550166928
05:51,15034.201365400959,4093.801929145589,-10471.087111856934
05:52,15090.17698606239,4306.565037600938,-10303.617119511026
05:53,15142.88005878261,4518.394194127532,-10133.911781616176
05:54,15192.299045513266,4729.243427780945,-9962.007842797511
05:55,15238.423120139043,4939.066977242498,-9787.94252740789
05:56,15281.242170938207,5147.819300801214,-9611.75353150865
05:57,15320.746802890313,5355.455086277839,-9433.479014748442
05:58,15356.928339827891,5561.9292609189315,-9253.157592129857
05:59,15389.778826431297,5767.197001228407,-9070.828325682369
06:00,15419.291030067196,5971.213742756466,-8886.53071602916
06:01,15445.45844247002,6173.935189830775,-8700.304693857684
06:02,15468.275281266104,6375.317325234912,-8512.19061129042
06:03,15487.736491337162,6575.316419824884,-8322.229233168042
06:04,15503.8377460291,6773.889042093115,-8130.461728226696
06:05,15516.57544819817,6970.992067662117,-7936.929660196639
06:06,15525.94673109848,7166.5826887220865,-7741.674978803663
06:07,15531.94945911152,7360.618423394322,-7544.740010686022
06:08,15534.582228313873,7553.057125033284,-7346.167450223084
06:09,15533.84436688488,7743.856991451516,-7146.000350286093
06:10,15529.735935353554,7932.976574079947,-6944.282112899719
06:11,15522.257726687541,8120.374787042338,-6741.056479829755
06:12,15511.411266215857,8306.010916165878,-6536.367523090996
06:13,15497.19881139692,8489.844627900224,-6330.259635380044
06:14,15479.62335141998,8671.835978166038,-6122.777520435161
06:15,15458.688606649248,8851.945421114926,-5913.9661833228565
06:16,15434.399027905909,9030.13381780394,-5703.870920658545
06:17,15406.759795590182,9206.362444781636,-5492.537310760712
06:18,15375.776818637656,9380.593002597878,-5280.011203732552
06:19,15341.456733324874,9552.787624199755,-5066.338711490288
06:20,15303.80690190084,9722.908883258773,-4851.5661977291775
06:21,15262.83541107189,9890.919802383036,-4635.7402678263825
06:22,15218.551070317448,10056.783861245285,-4418.907758691566
06:23,15170.963410047445,10220.465004608925,-4201.115728565558
06:24,15120.08267960469,10381.9276502485,-3982.411446763473
06:25,15065.919845099437,10541.136696779111,-3762.8423833728584
06:26,15008.48658709834,10698.057531363711,-3542.456198900962
06:27,14947.795298138912,10852.656037337047,-3321.3007338795146
06:28,14883.85908010119,11004.89860169954,-3099.423998429181
06:29,14816.69174141206,11154.752122516453,-2876.87416178295
06:30,14746.307794095921,11302.184016202129,-2653.699541768214
06:31,14672.722450671767,11447.162224686228,-2429.948594258989
06:32,14595.95162089183,11589.655222469042,-2205.6699025976
06:33,14516.011908326145,11729.632023561546,-1980.9121669762474
06:34,14432.920606789945,11867.062188309008,-1755.724193798805
06:35,14346.695696625398,12001.915830085849,-1530.154885016863
06:36,14257.355840823226,12134.163621879068,-1304.2532274396247
06:37,14164.920380995374,12263.776802745335,-1078.0682820227973
06:38,14069.409333198097,12390.727184141557,-851.6491731458648
06:39,13970.843383600119,12514.987156136525,-625.0450778622672
06:40,13869.243884011627,12636.529693482807,-398.30521514947367
06:41,13764.63284725177,12755.3283615762,-171.47883513678588
06:42,13657.032942382315,12871.357322269696,55.38479166770388
06:43,13546.467489782448,12984.591339570274,282.23638516136094
06:44,13432.960456092773,13095.005785187863,509.0266664272305
06:45,13316.53644900071,13202.576643965676,735.7063685261737
06:46,13197.220711897287,13307.280519160797,962.2262472769974
06:47,13075.039118381259,13409.094637599805,1188.5370920374642
06:48,12950.01816662827,13507.996854691004,1414.5897364801708
06:49,12822.184973620157,13603.965659298594,1640.3350693577725
06:50,12691.567269238583,13696.98017847535,1865.7240452546682
06:51,12558.193390218888,13787.02018205696,2090.707695328817
06:52,12422.092273969814,13874.06608711356,2315.2371380350705
06:53,12283.293452262904,13958.098962255091,2539.2635898297694
06:54,12141.827044783071,14039.100531797898,2762.738375856774
06:55,11997.723752558923,14117.053179778068,2985.6129406037753
06:56,11851.014851251755,14191.93995382834,3207.8388585386574
06:57,11701.732184327368,14263.744568898694,3429.367844716804
06:58,11549.90815609117,14332.45141083891,3650.151765354129
06:59,11395.575724613487,14398.045539820467,3870.142648366316
07:00,11238.768394518711,14460.512693618637,4089.2926938778246
07:01,11079.520209656,14519.839290742702,4307.554284689396
07:02,10917.865745657653,14576.012433410902,4524.8799967006935
07:03,10753.840102370235,14629.019910378172,4741.222609300653
07:04,10587.478896177705,14678.850199609238,4956.535115699858
07:05,10418.81825220341,14725.492470800871,5170.770733225852
07:06,10247.894796405024,14768.936587748078,5383.882913563732
07:07,10074.745647552776,14809.17311056131,5595.825352943296
07:08,9899.408409120033,14846.193297719106,5806.552002260743
07:09,9721.92116099786,14879.989107986454,6016.017077210529
07:10,9542.322451230091,14910.553202147823,6224.175068217321
07:11,9360.651287521854,14937.878944610626,6430.980750455297
07:12,9176.947128706139,14961.960404844682,6636.389193720015
07:13,8991.24987610887,14982.792358657953,6840.355772259212
07:14,8803.599864798633,15000.37028932903,7042.836174530649
07:15,8614.037854760676,15014.69038857058,7243.786412890338
07:16,8422.60502196573,15025.74955734448,7443.162833206341
07:17,8229.342949350319,15033.545406516592,7640.922124401275
07:18,8034.293617706944,15038.076257354836,7837.021327918373
07:19,7837.49939649284,15039.341141869781,8031.417847103141
07:20,7639.003034547661,15037.339802998971,8224.069456509376
07:21,7438.8476507284095,15032.072694635144,8414.934311119643
07:22,7237.076724472029,15023.540981493239,8603.970955480689
07:23,7033.734086266078,15011.746538826197,8791.138332753295
07:24,6828.863908056155,14996.69195197911,8976.39579367006
07:25,6622.510693573933,14978.38051578973,9159.703105401635
07:26,6414.719268589646,14956.816233830148,9341.020460336493
07:27,6205.5347710987,14932.003817495075,9520.308484757366
07:28,5995.002641446718,14903.94868493134,9697.528247422166
07:29,5783.168612375105,14872.656959813601,9872.64126805217
07:30,5570.07869901917,14838.135469963743,10045.609525711154
07:31,5355.779188835532,14800.391745815752,10216.395467087677
07:32,5140.316631474346,14759.434018727421,10384.962014669021
07:33,4923.737828596713,14715.271219133883,10551.272574814351
07:34,4706.08982363727,14667.912974553805,10715.29104571157
07:35,4487.419891515221,14617.36960743592,10876.981825234088
07:36,4267.775528310335,14563.652132863177,11036.309818666883
07:37,4047.2044408239867,14506.772256081527,11193.240446377573
07:38,3825.7545362309693,14446.742369915397,11347.739651268737
07:39,3603.473911553754,14383.575551997965,11499.773906214206
07:40,3380.4108431718273,14317.285561869408,11649.310221324176
07:41,3156.6137762644908,14247.886837919466,11796.31615110997
07:42,2932.131314236167,14175.394494183698,11940.759801519438
07:43,2707.0122080974684,14099.824316994986,12082.609836850224
07:44,2481.305345820488,14021.192761481028,12221.835486546523
07:45,2255.0597416617816,13939.516947923328,12358.406551862303
07:46,2028.3245254728254,13854.814657965877,12492.293412401483
07:47,1801.1489319699651,13767.104330684815,12623.467032527793
07:48,1573.5822899931661,13676.405058508071,12751.898967650543
07:49,1345.6740117505142,13582.736582999587,12877.561370371892
07:50,1117.4735820316296,13486.119290498049,13000.426996508566
07:51,889.030547430143,13386.574207618109,13120.469210974861
07:52,660.3945055326614,13284.122996610358,13237.661993535894
07:53,431.6150941116705,13178.787950584167,13351.979944422705
07:54,202.74198030826568,13070.591988594886,13463.398289809676
07:55,-26.175150184981806,12959.558650594181,13571.892887155094
07:56,-255.08660395021712,12845.712092245423,13677.44023040325
07:57,-483.94269066506314,12729.077079606313,13780.017455045487
07:58,-712.6937339191413,12609.678983680733,13879.602343039114
07:59,-941.2900820302131,12487.543774837508,13976.17332758611
08:00,-1169.6821188428387,12362.698017102555,14069.70949776654
08:01,-1397.8202745329029,12235.168862318431,14160.190603030847
08:02,-1625.6550363812526,12104.98404418243,14247.597057543604
08:03,-1853.136959545576,11972.171872156065,14331.90994438346
08:04,-2080.216677810641,11836.761225250277,14413.111019596628
08:05,-2306.844914319465,11698.78154568872,14491.182716102352
08:06,-2532.972492278546,11558.262832451705,14566.108147449264
08:07,-2758.5503456475544,11415.235634697208,14637.87111142414
08:08,-2983.529529798537,11269.731045063963,14706.456093510978
08:09,-3207.861232136359,11121.780692863897,14771.84827019722
08:10,-3431.496782710642,10971.41673714778,14834.033512133528
08:11,-3654.3876647703487,10818.671859669392,14892.998387137364
08:12,-3876.4855252996963,10663.579257729536,14948.730163047203
08:13,-4097.742185507524,10506.172636913414,15001.216810422964
08:14,-4318.10965128137,10346.486203716619,15050.447005093984
08:15,-4537.540123591747,10184.554658069177,15096.410130551747
08:16,-4755.9860088666,10020.413185744415,15139.096280190955
08:17,-4973.399929299105,9854.097450676496,15178.496259393314
08:18,-5189.73473312577,9685.643587163988,15214.601587458732
08:19,-5404.943504838967,9515.088191981857,15247.404499379774
08:20,-5618.979575355914,9342.468316388735,15276.897947461475
08:21,-5831.796532125394,9167.821458042043,15303.075602784444
08:22,-6043.348229180148,8991.185552815365,15325.931856512721
08:23,-6253.5887971329485,8812.59896652041,15345.46182104492
08:24,-6462.472653099688,8632.100486545343,15361.661331008721
08:25,-6669.954510574032,8449.72931339185,15374.526944099427
08:26,-6875.98938922201,8265.525052135481,15384.055941760931
08:27,-7080.532624615436,8079.527703794452,15390.24632971038
08:28,-7283.539877898027,7891.777656611671,15393.096838306003
08:29,-7484.96714537121,7702.315677261643,15392.60692275768
08:30,-7684.770768010469,7511.1829019732495,15388.776763181013
08:31,-7882.907440905287,7318.420827574197,15381.607264494276
08:32,-8079.33422262337,7124.071302456282,15371.100056158853
08:33,-8274.008544486749,6928.176517474524,15357.257491762828
08:34,-8466.888219775934,6730.77899676324,15340.082648448099
08:35,-8657.93145283997,6531.921588492029,15319.57932618145
08:36,-8847.09684812918,6331.64745554419,15295.752046869013
08:37,-9034.343419135916,6130.000066132745,15268.60605331511
08:38,-9219.630597244772,5927.023184353524,15238.147308025273
08:39,-9402.918240489416,5722.760860676461,15204.382491855002
08:40,-9584.166642224955,5517.257422368372,15167.319002501272
08:41,-9763.336539695936,5310.557463865009,15126.964952841523
08:42,-9940.38912250856,5102.705837088057,15083.3291691176
08:43,-10115.28604100669,4893.747641702597,15036.421188966131
08:44,-10287.989414547701,4683.72821532395,14986.2512592945
08:45,-10458.461839671934,4472.693123676993,14932.830334005757
08:46,-10626.666398173606,4260.688150702004,14876.170071569222
08:47,-10792.56666505807,4047.759288626035,14816.282832441242
08:48,-10956.12671639985,3833.952727976673,14753.181676333219
08:49,-11117.311137088149,3619.3148475616917,14686.880359329032
08:50,-11276.085028460626,3403.8922044084716,14617.393330853316
08:51,-11432.41401582361,3187.7315236698055,14544.735730490755
08:52,-11586.264255863354,2970.8796884856333,14468.92338465507
08:53,-11737.602443938244,2753.3837298187445,14389.972803110957
08:54,-11886.395821252005,2535.2908162611707,14307.901175350493
08:55,-12032.612181914172,2316.648243803647,14222.726366820032
08:56,-12176.21987987401,2097.503425588756,14134.46691500498
08:57,-12317.187835738861,1877.9038816310247,14043.142025366618
08:58,-12455.485543465047,1657.8972285221078,13948.771567137568
08:59,-12591.083076924973,1437.5311691119487,13851.37606897475
09:00,-12723.951096352199,1216.8534821727583,13750.97671446696
09:01,-12854.060854654705,995.9120120482523,13647.595337505396
09:02,-12981.384203600292,774.7546582951597,13541.25441751357
09:03,-13105.893599877314,553.429365298362,13431.977074534485
09:04,-13227.56211101782,331.98411189505066,13319.78706418467
09:05,-13346.363421190363,110.46690098236738,13204.708772470427
09:06,-13462.271836861564,-111.07425087678207,13086.767210465905
09:07,-13575.26229232099,-332.59132385105096,12965.988008858414
09:08,-13685.31035506931,-554.0363052368517,12842.397412361168
09:09,-13792.392231070382,-775.361199848913,12716.022273993078
09:10,-13896.484769865769,-996.5180404183711,12586.890049226198
09:11,-13997.565469548621,-1217.4588979634334,12455.02879000606
09:12,-14095.612481597718,-1438.1358921750345,12320.467138641297
09:13,-14190.604615570684,-1658.5012017708411,12183.23432156726
09:14,-14282.521343651691,-1878.5070748441087,12043.360142986672
09:15,-14371.342805061666,-2098.105839203943,11900.874978378122
09:16,-14457.049810317874,-2317.2499126837224,11755.8097678905
09:17,-14539.623845352338,-2535.891813438638,11608.196009609965
09:18,-14619.047075481658,-2753.984170216029,11458.065752710443
09:19,-14695.302349231932,-2971.4797326105027,11305.451590480796
09:20,-14768.373202014018,-3188.3313812750866,11150.386653240968
09:21,-14838.243859651175,-3404.49213812373,10992.904601136326
09:22,-14904.899241756219,-3619.9151764840103,10833.039616824186
09:23,-14968.324964960375,-3834.553831230714,10670.826398041347
09:24,-15028.507345989128,-4048.361608876128,10506.300150065888
09:25,-15085.43340458854,-4261.292197626809,10339.496578065504
09:26,-15139.09086629732,-4473.299477393723,10170.451879343655
09:27,-15189.468165068476,-4684.337529768523,9999.202735473438
09:28,-15236.554445735786,-4894.360647953308,9825.786304330419
09:29,-15280.339566327128,-5103.32334663882,9650.240212024235
09:30,-15320.81410022275,-5311.180371843634,9472.602544726024
09:31,-15357.969338160807,-5517.886710689464,9292.911840400267
09:32,-15391.797290084327,-5723.397601140149,9111.207080435763
09:33,-15422.290686836332,-5927.668541670996,8927.52768118295
09:34,-15449.442981694188,-6130.655300892514,8741.913485398887
09:35,-15473.248351752556,-6332.313927103352,8554.40475359965
09:36,-15493.701699145882,-6532.6007577965565,8365.042155319245
09:37,-15510.798652116295,-6731.472429089928,8173.866760285371
09:38,-15524.535565922126,-6928.885885096724,7980.920029509053
09:39,-15534.909523590806,-7124.798387231527,7786.243806284937
09:40,-15541.918336514478,-7319.1675234395,7589.880307114573
09:41,-15545.560544884871,-7511.951217364281,7391.872112547032
09:42,-15545.835417975148,-7703.1077374308725,7192.262157942285
09:43,-15542.742954257983,-7892.595705868488,6991.093724155762
09:44,-15536.283881372729,-8080.374107635743,6788.410428155033
09:45,-15526.459655927569,-8266.402299290428,6584.25621355403
09:46,-15513.272463149106,-8450.640017757294,6378.675341089037
09:47,-15496.725216373403,-8633.047389023614,6171.712379016271
09:48,-15476.821556373678,-8813.58493675465,5963.412193449798
09:49,-15453.565850540892,-8992.213590805635,5753.81993863334
09:50,-15426.963191897335,-9168.89469566201,5542.98104715102
09:51,-15397.019397958655,-9343.59001878069,5330.941220076563
09:52,-15363.741009435718,-9516.261758842253,5117.746417068924
09:53,-15327.135288783862,-9686.872553905112,4903.442846408447
09:54,-15287.210218592712,-9855.38548946719,4688.076954983772
09:55,-15243.974499819156,-10021.764106433437,4471.695418223725
09:56,-15197.437549870616,-10185.97240897392,4254.345129982574
09:57,-15147.609500524619,-10347.974872293586,4036.0731923804765
09:58,-15094.501195703884,-10507.73645028479,3816.9269055983864
09:59,-15038.12418908664,-10665.222583092804,3596.9537576269418
10:00,-14978.490741573009,-10820.399204558951,3376.20141398086
10:01,-14915.61381859191,-10973.232749565435,3154.7177073776643
10:02,-14849.50708725798,-11123.690161270493,2932.550627371503
10:03,-14780.184913377278,-11271.738898229394,2709.7483099618057
10:04,-14707.662358301492,-11417.346941403981,2486.359027171377
10:05,-14631.955175629848,-11560.482801062488,2262.4311765899624
10:06,-14553.079807764854,-11701.115523557391,2038.013270900103
10:07,-14471.05338231777,-11839.214697990503,1813.1539273705687
10:08,-14385.893708363177,-11974.75046276221,1587.901857332441
10:09,-14297.619272551992,-12107.693511994059,1362.3058556368153
10:10,-14206.249235073414,-12238.01510183636,1136.4147900964335
10:11,-14111.803425472162,-12365.687056653247,910.2775909041214
10:12,-14014.302338324243,-12490.68177507932,683.9432400495928
10:13,-13913.767128766453,-12612.972235955223,457.46076072115494
10:14,-13810.219607883726,-12732.532004136483,230.87920670123643
10:15,-13703.682237955622,-12849.335236174209,4.247651751003023
10:16,-13594.178127561801,-12963.356685867566,-222.38482099707446
10:17,-13481.731026549247,-13074.571709685346,-448.96912966059426
10:18,-13366.365320860463,-13182.956272057469,-675.4562042161444
10:19,-13248.106027225242,-13288.486950533746,-901.7969971087496
10:20,-13126.97878771634,-13391.14094080945,-1127.9424938590325
10:21,-13003.009864167076,-13490.896061620339,-1353.8437236538084
10:22,-12876.226132465621,-13587.730759492133,-1579.4517699321902
10:23,-12746.655076705232,-13681.624113365631,-1804.7177809562013
10:24,-12614.324783211545,-13772.555839076778,-2029.5929803668603
10:25,-12479.263934436982,-13860.506293702156,-2254.028677719786
10:26,-12341.501802727296,-13945.456479764105,-2477.9762790077148
10:27,-12201.06824396731,-14027.388049292029,-2701.3872971518267
10:28,-12057.993691088877,-14106.283307752909,-2924.213362475039
10:29,-11912.309147471355,-14182.125217826308,-3146.4062331457562
10:30,-11764.04618019989,-14254.897403053494,-3367.9178055953453
10:31,-11613.236913227225,-14324.584151324065,-3588.7001248978513
10:32,-11459.914020392189,-14391.17041823703,-3808.7053951249836
10:33,-11304.11071833865,-14454.641830303593,-4027.8859896586723
10:34,-11145.860759306925,-14514.98468801359,-4246.194461467911
10:35,-10985.19842381427,-14572.185968752568,-4463.583553346833
10:36,-10822.158513228349,-14626.233329568993,-4680.006208107004
10:37,-10656.776342218618,-14677.11510980247,-4895.415578726357
10:38,-10489.087731106678,-14724.820333556529,-5109.765038455761
10:39,-10319.128998102251,-14769.338712030563,-5323.008190868983
10:40,-10146.936951441936,-14810.660645695762,-5535.098879865932
10:41,-9972.548881401692,-14848.777226331711,-5745.991199636559
10:42,-9796.002552270742,-14883.680238896888,-5955.639504500502
10:43,-9617.336194107365,-14915.362163276226,-6163.998418827122
10:44,-9436.588494507303,-14943.81617585577,-6371.022846756107
10:45,-9253.798590232122,-14969.036150952381,-6576.667981922739
10:46,-9069.006058730763,-14991.0166621008,-6780.889317115325
10:47,-8882.25090958632,-15009.752983181335,-6983.642653859155
10:48,-8693.573575859698,-15025.241089403737,-7184.884111933113
10:49,-8503.014905353279,-15037.477658133792,-7384.570138817539
10:50,-8310.616151774764,-15046.46006957406,-7582.657519073981
10:51,-8116.418965828051,-15052.186407289724,-7779.103383643382
10:52,-7920.465386208683,-15054.655458585516,-7973.865219076948
10:53,-7722.797830527073,-15053.866714730993,-8166.900876679689
10:54,-7523.459086142107,-15049.820371034128,-8358.168581585056
10:55,-7322.4923009241875,-15042.517326763567,-8547.626941740753
10:56,-7119.940973938386,-15031.959184920619,-8735.234956813336
10:57,-6915.848946055958,-15018.14825186058,-8920.952027005074
10:58,-6710.260390491624,-15001.087536761323,-9104.737961788884
10:59,-6503.219803269146,-14980.780750943935,-9286.552988550715
11:00,-6294.771993626967,-14957.232307039878,-9466.35776114049
11:01,-6084.96207434802,-14930.447318011811,-9644.113368331602
11:02,-5873.83545203259,-14900.431596020158,-9819.781342188058
11:03,-5661.437817304769,-14867.191651144352,-9993.323666332004
11:04,-5447.815134964162,-14830.734689950583,-10164.702784116893
11:05,-5233.013634077102,-14791.068613914187,-10333.881606697792
11:06,-5017.0797980137,-14748.202017692014,-10500.823521002198
11:07,-4800.060354429494,-14702.14418724541,-10665.492397600883
11:08,-4582.002265196699,-14652.905097819366,-10827.852598468617
11:09,-4362.952716292369,-14600.495411769309,-10987.868984643377
11:10,-4142.959107611063,-14544.926476241768,-11145.506923788724
11:11,-3922.069042828129,-14486.210320726366,-11300.732297587603
11:12,-3700.33031905191,-14424.35965442435,-11453.511509140319
11:13,-3477.790916592307,-14359.387863510197,-11603.811490139296
11:14,-3254.498988617149,-14291.309008227963,-11751.599707986785
11:15,-3030.502850791559,-14220.13781985325,-11896.844172778741
11:16,-2805.850970875411,-14145.889697505103,-12039.513444183624
11:17,-2580.5919582897013,-14068.580704822092,-12179.576638194627
11:18,-2354.774553666609,-13988.227566491829,-12317.003433766085
11:19,-2128.4476183516517,-13904.847664643903,-12451.764079328812
11:20,-1901.6601239008755,-13818.459035099677,-12583.829399183123
11:21,-1674.4611415422135,-13729.080363485376,-12713.17079976845
11:22,-1446.8998316170835,-13636.73098120404,-12839.760275811212
11:23,-1219.0254330162766,-13541.430861275372,-12963.570416339415
11:24,-990.8872525820506,-13443.200614032232,-13084.574410580304
11:25,-762.5346545096049,-13342.06148268732,-13202.746053721778
11:26,-534.0170497258554,-13238.035338760867,-13318.059752550107
11:27,-305.38388527532356,-13131.14467738075,-13430.490530950032
11:28,-76.68463367907677,-13021.412612442891,-13540.014035281523
11:29,152.03121769961714,-12908.862871643643,-13646.60653961952
11:30,380.71417729465736,-12793.519791383364,-13750.24495085842
11:31,609.3147599727291,-12675.408311538855,-13850.906813683705
11:32,837.7834976818114,-12554.55397010513,-13948.570315409612
11:33,1066.0709500779312,-12430.982897714615,-14043.214290675967
11:34,1294.1277151593804,-12304.721812025851,-14134.818226011095
11:35,1521.9044398827873,-12175.798011992281,-14223.362264252026
11:36,1749.351830777272,-12044.239372002945,-14308.827208828694
11:37,1976.4206645413342,-11910.07433590298,-14391.194527905853
11:38,2203.06179862496,-11773.331910892304,-14470.446358384415
11:39,2429.2261817949325,-11634.041661306866,-14546.565509758711
11:40,2654.8648646870706,-11492.233702274034,-14619.535467835778
11:41,2879.9290103245075,-11347.938693262397,-14689.340398303373
11:42,3104.3699046242937,-11201.187831504583,-14755.965150160835
11:43,3328.1389668748075,-11052.012845310215,-14819.395259001314
11:44,3551.187760180588,-10900.445987268022,-14879.616950147398
11:45,3773.468001884405,-10746.52002733116,-14936.61714164286
11:46,3994.931573950441,-10590.268245797193,-14990.383447094833
11:47,4215.530533318069,-10431.724426174767,-15040.90417837071
11:48,4435.217122222521,-10270.922847942715,-15088.16834814546
11:49,4653.943778462877,-10107.89827920999,-15132.165672299507
11:50,4871.663145643973,-9942.68596926442,-15172.886572168214
11:51,5088.3280833725385,-9775.321641017037,-15210.322176642854
11:52,5303.891677400807,-9605.841483353264,-15244.46432411854
11:53,5518.307249732568,-9434.282143376007,-15275.305564293836
11:54,5731.5283686694665,-9260.680718558708,-15302.839159817888
11:55,5943.508858824459,-9085.074748788278,-15327.059087787822
11:56,6154.202811057581,-8907.502208330883,-15347.960041092307
11:57,6363.564592377135,-8728.001497689329,-15365.537429604638
11:58,6571.548855771041,-8546.611435377576,-15379.787381222852
11:59,6778.11054998525,-8363.37124960076,-15390.706742757322
12:00,6983.204929241088,-8178.320569845743,-15398.293080665788
12:01,7186.787562878298,-7991.4994183949775,-15402.544681634776
12:02,7388.814344949458,-7802.9482017404425,-15403.46055300859
12:03,7589.241503737591,-7612.707701922434,-15401.040423064474
12:04,7788.025611195648,-7420.819067795424,-15395.284741134563
12:05,7985.123592338114,-7227.323806191921,-15386.194677574184
12:06,8180.492734535707,-7032.263773030665,-15373.772123576764
12:07,8374.090696742578,-6835.681164341803,-15358.01969083535
12:08,8565.875518659079,-6637.618507204537,-15338.940711049436
12:09,8755.805629790157,-6438.1186506375825,-15316.539235280297
12:10,8943.839858442125,-6237.2247564000545,-15290.820033151253
12:11,9129.937440637397,-6034.980289721632,-15261.788591893957
12:12,9314.058028923457,-5831.429009988335,-15229.45111524454
12:13,9496.161701121744,-5626.614961335315,-15193.814522182558
12:14,9676.20896896866,-5420.582463196306,-15154.88644552031
12:15,9854.160786671033,-5213.37610078853,-15112.675230338415
12:16,10029.978559377914,-5005.040715527182,-15067.189932267309
12:17,10203.624151545046,-4795.6213953978595,-15018.440315619424
12:18,10375.05989520846,-4585.163465270479,-14966.436851368062
12:19,10544.248598167569,-4373.712477146586,-14911.190714973756
12:20,10711.153552055706,-4161.3142003775465,-14852.71378406152
12:21,10875.738540322503,-3948.0146118117973,-14791.018635944814
12:22,11037.967846099315,-3733.8598859162203,-14726.11854500303
12:23,11197.80625997374,-3518.8963848333956,-14658.027479904507
12:24,11355.219087651136,-3303.170648404966,-14586.760100682133
12:25,11510.172157502568,-3086.7293841609585,-14512.331755662879
12:26,11662.631828017586,-2869.619457250751,-14434.758478242444
12:27,11812.564995130397,-2651.887880359042,-14354.056983518707
12:28,11959.939099440118,-2433.5818035749658,-14270.24466477565
12:29,12104.722133322884,-2214.7485042232584,-14183.339589815832
12:30,12246.882647910952,-1995.4353766845234,-14093.360497157582
12:31,12386.389759968499,-1775.689922171877,-14000.326792078075
12:32,12523.213158648938,-1555.559738473888,-13904.258542511414
12:33,12657.323112116272,-1335.092509700527,-13805.17647481281
12:34,12788.690474059416,-1114.3359959845845,-13703.1019693699
12:35,12917.286690079978,-893.3380231636975,-13598.057056073363
12:36,13043.083803945108,-672.1464724652774,-13490.064409654029
12:37,13166.054463728567,-450.8092701452087,-13379.147344867843
12:38,13286.171927810365,-229.37437714440873,-13265.329811552125
12:39,13403.41007075531,-7.8897787121658824,-13148.636389536612
12:40,13517.74338905758,213.5965259681497,-13029.092283419468
12:41,13629.147006753787,435.0365341632635,-12906.723317206457
12:42,13737.59668090242,656.3822499820308,-12781.555928814394
12:43,13843.068806929025,877.585694759316,-12653.617164440317
12:44,13945.54042383444,1098.5989174507229,-12522.934672797845
12:45,14044.989219268642,1319.3740050226559,-12389.536699218135
12:46,14141.39353445964,1539.8630928279247,-12253.452079627996
12:47,14234.732369012778,1760.0183749924722,-12114.71023438533
12:48,14324.985385560047,1979.792114776909,-11973.341161997652
12:49,14412.132914270243,2199.1366549279087,-11829.375432710942
12:50,14496.155957222149,2418.004428034635,-11682.844181961838
12:51,14577.03619262334,2636.347966846995,-11533.779103720759
12:52,14654.755978892194,2854.119914581989,-11382.212443701277
12:53,14729.298358590986,3071.273035221645,-11228.176992447643
12:54,14800.647062209462,3287.7602237683996,-11071.7060783097
12:55,14868.78651180502,3503.5345164955556,-10912.833560287561
12:56,14933.701824492087,3718.549101159393,-10751.593820763372
12:57,14995.378815778438,3932.757327179706,-10588.021758122377
12:58,15053.8040027566,4146.112715798213,-10422.152779248203
12:59,15108.964607140138,4358.568970199174,-10254.022791910618
13:00,15160.848558147794,4570.079985588792,-10083.668197043735
13:01,15209.444495234515,4780.599859243192,-9911.125880911415
13:02,15254.741770670806,4990.082900514472,-9736.4332071616
13:03,15296.730451966412,5198.483640793028,-9559.62800877542
13:04,15335.401324136154,5405.756843420554,-9380.748579918081
13:05,15370.74589181484,5611.857513565926,-9199.833667673343
13:06,15402.756381211246,5816.740908045476,-9016.922463686336
13:07,15431.425741909356,6020.362545087529,-8832.054595702337
13:08,15456.74764850814,6222.678214053068,-8645.270119007997
13:09,15478.716502106803,6423.64398509103,-8456.609507776142
13:10,15497.327431628042,6623.216218744521,-8266.113646315995
13:11,15512.576294985953,6821.351575487108,-8073.823820231465
13:12,15524.459680093763,7018.007025203713,-7879.781707484868
13:13,15532.974905709094,7213.1398566049365,-7684.02936937841
13:14,15538.12002212462,7406.707686567114,-7486.609241445879
13:15,15539.893811691682,7598.668469425711,-7287.564124251617
13:16,15538.295789192587,7788.980506163988,-7086.93717412014
13:17,15533.326202041648,7977.602453557837,-6884.771893778851
13:18,15524.9860303351,8164.493333235839,-6681.112122909135
13:19,15513.276986733868,8349.612540648066,-6476.002028651035
13:20,15498.201516187466,8532.919853981079,-6269.486095998701
13:21,15479.762795496732,8714.375442974186,-6061.609118142547
13:22,15457.964732716746,8893.939877649284,-5852.416186743372
13:23,15432.811966395539,9071.574136970792,-5641.952682124391
13:24,15404.309864654895,9247.239617406618,-5430.264263404051
13:25,15372.464524109839,9420.898141396035,-5217.396858572921
13:26,15337.282768623378,9592.51196574453,-5003.39665448901
13:27,15298.772147908361,9762.043789900092,-4788.310086833812
13:28,15256.940935961924,9929.456764153796,-4572.183829997729
13:29,15211.798129342682,10094.714497735195,-4355.064786915131
13:30,15163.35344528845,10257.781066808408,-4137.000078846471
13:31,15111.617319671912,10418.621022372923,-3918.037035104608
13:32,15056.60090480404,10577.19939804645,-3698.2231827453966
13:33,14998.316067069298,10733.481717763781,-3477.606236195253
13:34,14936.775384408675,10887.434003355424,-3256.2340868467845
13:35,14871.992143644698,11039.022782018854,-3034.1547926130374
13:36,14803.980337647412,11188.215093685943,-2811.416567430659
13:37,14732.754662343103,11334.978498274206,-2588.0677707426134
13:38,14658.330513573086,11479.281082819229,-2364.1568969397244
13:39,14580.723983783757,11621.091468511806,-2139.732564757295
13:40,14499.951858578832,11760.378817589877,-1914.8435066706527
13:41,14416.03161310748,11897.11284013127,-1689.5385582393803
13:42,14328.981408294983,12031.263800730001,-1463.8666474267136
13:43,14238.820086935573,12162.80252502971,-1237.8767839218883
13:44,14145.567169617336,12291.700406158758,-1011.618048408629
13:45,14049.242850511453,12417.929411019115,-785.1395818423493
13:46,13949.86799299773,12541.46208646693,-558.4905747027466
13:47,13847.464125151295,12662.271565354164,-331.7202562259954
13:48,13742.053435076432,12780.331572445853,-104.8778836416884
13:49,13633.658766098777,12895.61643020222,121.9872686013529
13:50,13522.303611800624,13008.101064440867,348.8259196310828
13:51,13408.012110925378,13117.761009850701,575.5887929246733
13:52,13290.809042129551,13224.572415381297,802.2266271039672
13:53,13170.719818594693,13328.512049494462,1028.6901867094973
13:54,13047.770482499123,13429.557305277425,1254.9302729872577
13:55,12921.987699345702,13527.686205422033,1480.897734660502
13:56,12793.398752160947,13622.877407056103,1706.543478683153
13:57,12662.031535540269,13715.110206448344,1931.8184810021119
13:58,12527.914549573481,13804.364543558266,2156.67379728408
13:59,12391.07689363045,13890.621006448415,2381.0605736332336
14:00,12251.548260000927,13973.860835561967,2604.93005730244
14:01,12109.358927429594,14054.0659278363,2828.233607353997
14:02,11964.539754492936,14131.218840692325,3050.922705320267
14:03,11817.122172860703,14205.302795864487,3272.948965838278
14:04,11667.13818043534,14276.301683085654,3494.2641472268606
14:05,11514.620334353023,14344.200063626848,3714.8201620689556
14:06,11359.601743864829,14408.983173688677,3934.569087738454
14:07,11202.116063104831,14470.636927637079,4153.463176887273
14:08,11042.19748372098,14529.147921096643,4371.454867913003
14:09,10879.880727404296,14584.503433884827,4588.496795364225
14:10,10715.201038284005,14636.691432803744,4804.541800315663
14:11,10548.194175220891,14685.700574270335,5019.542940692363
14:12,10378.896403976354,14731.520206801415,5233.453501546307
14:13,10207.344489278088,14774.140373338701,5446.227005282428
14:14,10033.575686780949,14813.551813422162,5657.81722181751
14:15,9857.627734860216,14849.745965221306,5868.178178756147
14:16,9679.538846427024,14882.71496737981,6077.264171361666
14:17,9499.347700504413,14912.451660742525,6285.029772612934
14:18,9317.093433770813,14938.949589901207,6491.4298431372445
14:19,9132.815631990534,14962.203004596087,6696.419541072683
14:20,8946.554321342579,14982.206860956545,6899.954331880129
14:21,8758.34995964895,14998.956822587737,7101.989998085269
14:22,8568.24342752016,15012.449261498306,7302.4826489388415
14:23,8376.276019396268,15022.68125887364,7501.388730014479
14:24,8182.48943450231,15029.650605691093,7698.665032726658
14:25,7986.925767716931,15033.35580317713,7894.268703771829
14:26,7789.627500346635,15033.796063111964,8088.1572544893215
14:27,7590.637490826146,15030.971307969166,8280.288570144874
14:28,7389.998965332589,15024.882170906454,8470.620919119381
14:29,7187.7555083155885,15015.529995594008,8659.112962025958
14:30,6983.951052951593,15002.916835888522,8845.723760731593
14:31,6778.629871525297,14987.0454553506,9030.412787286923
14:32,6571.83656574072,14967.919326603102,9213.139932766459
14:33,6363.616056943365,14945.542630536245,9393.865516022728
14:34,6154.013576303596,14919.92025535347,9572.550292327809
14:35,5943.074654897923,14891.057795466604,9749.15546193423
14:36,5730.845113754486,14858.961550227283,9923.642678529088
14:37,5517.371053822882,14823.638522513156,10095.97405758107
14:38,5302.6988458866535,14785.096417150176,10266.112184596343
14:39,5086.875120413719,14743.343639186092,10434.02012326336
14:40,4869.946757360634,14698.389292010697,10599.661423485153
14:41,4651.9608759179055,14650.243175316975,10763.000129314887
14:42,4432.964824200151,14598.915782915126,10924.000786774654
14:43,4213.006168915832,14544.418300396477,11082.628451548218
14:44,3992.132684901332,14486.762602625924,11238.848696621979
14:45,3770.3923447684356,14425.961251120061,11392.627619699833
14:46,3547.8333083613475,14362.02749124113,11543.93185060558
14:47,3324.5039122492753,14294.975249256,11692.72855851753
14:48,3100.4526591661443,14224.819129246598,11838.985459089497
14:49,2875.7282074083105,14151.574409866422,11982.670821459442
14:50,2650.3793602215833,14075.25704095665,12123.753475121011
14:51,2424.455055133375,13995.88364001013,12262.202816684305
14:52,2198.0043532710833,13913.47148849119,12397.988816505027
14:53,1971.076428660064,13828.038528014547,12531.08202518187
14:54,1743.720557487006,13739.60335637394,12661.45357993488
14:55,1515.9861073466996,13648.18522343139,12789.075210848938
14:56,1287.92252648425,13553.804026867518,12913.919246981317
14:57,1059.579332997647,13456.480307783058,13035.958622348635
14:58,831.0061040515768,13356.235246169106,13155.166881767695
14:59,602.2524650634184,13253.09065623323,13271.518186569358
15:00,373.3680788907296,13147.068981589713,13384.987320173334
15:01,144.40263501166356,13038.193290313648,13495.549693525809
15:02,-84.59416130901288,12926.487269856714,13603.181350401679
15:03,-313.5725998280346,12811.975221837252,13707.85897255893
15:04,-542.4829761685572,12694.682056685084,13809.559884764745
15:05,-771.2756026280789,12574.633288162777,13908.262059671955
15:06,-999.9008189947082,12451.855027758696,14003.944122551438
15:07,-1228.3090033578385,12326.37397894104,14096.585355889802
15:08,-1456.4505829016346,12198.217431294202,14186.165703833576
15:09,-1684.2760446806867,12067.41325452588,14272.66577649182
15:10,-1911.7359464033511,11933.989892340416,14356.066854097426
15:11,-2138.7809271625238,11797.976356205698,14436.350891010497
15:12,-2365.3617181725285,11659.402218983807,14513.50051958348
15:13,-2591.4291534857966,11518.297608439781,14587.499053877247
15:14,-2816.934180653068,11374.693200648091,14658.330493219566
15:15,-3041.8278713995355,11228.620213258506,14725.979525625007
15:16,-3266.061432236893,11080.110398663746,14790.431531055767
15:17,-3489.5862150600933,10929.196037044636,14851.672584534754
15:18,-3712.3537277135883,10775.909929299472,14909.68945910779
15:19,-3934.3156445075265,10620.285389868579,14964.46962865142
15:20,-4155.423816704184,10462.35623944664,15016.001270527953
15:21,-4375.630282969339,10302.15679758033,15064.27326808985
15:22,-4594.887279766014,10139.721875170695,15109.27521302619
15:23,-4813.147251717995,9975.08676685892,15150.997407558853
15:24,-5030.362861912902,9808.287243319799,15189.43086648033
15:25,-5246.48700216586,9639.359543444189,15224.567319039941
15:26,-5461.472803231933,9468.340366423034,15256.39921067307
15:27,-5675.273644948415,9295.266863744155,15284.91970457353
15:28,-5887.843166348893,9120.176631072442,15310.122683113144
15:29,-6099.135275691998,8943.107700055365,15332.00274910215
15:30,-6309.104160441596,8764.098530027622,15350.555226894581
15:31,-6517.704297196505,8583.18799961414,15365.776163338041
15:32,-6724.890461528766,8400.41539826667,15377.662328564455
15:33,-6930.617737774281,8215.82041769726,15386.21121662605
15:34,-7134.841528761394,8029.443143219822,15391.421045974263
15:35,-7337.51756544243,7841.324045032052,15393.290759780539
15:36,-7538.601916476922,7651.503969393574,15391.820026101626
15:37,-7738.050997733763,7460.024129729735,15387.009237887143
15:38,-7935.821581704862,7266.926097668982,15378.859512830815
15:39,-8131.870806856951,7072.251793988251,15367.372693064672
15:40,-8326.156186894439,6876.043479492111,15352.551344696658
15:41,-8518.6356199368,6678.343745822825,15334.398757192117
15:42,-8709.26739761767,6479.195506194238,15312.918942598579
15:43,-8898.010214092892,6278.641986062515,15288.116634614704
15:44,-9084.823174963853,6076.726713726287,15259.997287503373
15:45,-9269.6658061062,5873.493510868731,15228.567074849196
15:46,-9452.498062411254,5668.986483030873,15193.832888160858
15:47,-9633.280336429985,5463.250010030215,15155.802335318343
15:48,-9811.973466918673,5256.328736324231,15114.48373886657
15:49,-9988.538747298562,5048.267561303943,15069.886134152664
15:50,-10162.93793400042,4839.111629553381,15022.0192673123
15:51,-10335.13325471758,4628.906321044398,14970.893593101826
15:52,-10505.087416558197,4417.69724128198,14916.520272575548
15:53,-10672.763614083431,4205.530211411296,14858.91117061457
15:54,-10838.125537247273,3992.451258272094,14798.078853301118
15:55,-11001.137379226984,3778.5066044080168,14734.03658514294
15:56,-11161.763844140696,3563.7426580448937,14666.798326147014
15:57,-11319.970154656858,3348.20600302086,14596.378728743895
15:58,-11475.722059493242,3131.943388678051,14522.793134561087
15:59,-11628.98584079103,2915.0017197373804,14446.057571052326
16:00,-11779.728321387282,2697.4280461148837,14366.188747973947
16:01,-11927.916871960786,2479.2695527278884,14283.204053716838
16:02,-12073.519418060421,2260.5735492638332,14197.121551493206
16:03,-12216.504447009995,2041.3874599346314,14107.959975378924
16:04,-12356.841014703834,1821.758813182366,14015.7387262046
16:05,-12494.4987522618,1601.7352313934405,13920.477867312884
16:06,-12629.44787257038,1381.364420576278,13822.198120166908
16:07,-12761.659176697136,1160.6941600204398,13720.920859817057
16:08,-12891.104060170046,939.7722919556602,13616.668110232555
16:09,-13017.754519137778,718.6467111831565,13509.462539486125
16:10,-13141.583156395602,497.36535469620577,13399.3274548032
16:11,-13262.563187274673,275.97619131215174,13286.286797477673
16:12,-13380.66844540817,54.527211274192666,13170.365137643525
16:13,-13495.873388357995,-166.93358414009742,13051.587668915234
16:14,-13608.153103104967,-388.3581930037614,12929.980202895917
16:15,-13717.483311406553,-609.6986231418895,12805.569163548405
16:16,-13823.840375015103,-830.9069025146224,12678.381581436764
16:17,-13927.201300758192,-1051.935089605099,12548.445087836313
16:18,-14027.543745477307,-1272.7352837928058,12415.78790871682
16:19,-14124.846020829531,-1493.2596357247407,12280.438858593216
16:20,-14219.087097945736,-1713.46035767112,12142.427334251377
16:21,-14310.24661194202,-1933.2897338586647,12001.783308354692
16:22,-14398.304866295972,-2152.700130809483,11858.53732291367
16:23,-14483.242837070597,-2371.644007633656,11712.720482645911
16:24,-14565.042176994222,-2590.073926324677,11564.364448209642
16:25,-14643.685219399738,-2807.9425620200523,11413.501429312297
16:26,-14719.154982008116,-3025.2027132375183,11260.164177711173
16:27,-14791.435170567498,-3241.8073120855925,11104.385980092831
16:28,-14860.510182348482,-3457.7094344515244,10946.20065082839
16:29,-14926.365109478367,-3672.8623101386142,10785.642524635447
16:30,-14988.985742136016,-3887.2193329911656,10622.746449107555
16:31,-15048.358571589995,-4100.734070975554,10457.547777142187
16:32,-15104.470793085648,-4313.360276208151,10290.082359265112
16:33,-15157.310308580014,-4525.051894974425,10120.386535835403
16:34,-15206.86572932614,-4735.763077672668,9948.497129154093
16:35,-15253.126378298422,-4945.448188733654,9774.451435468962
16:36,-15296.082292470881,-5154.0618164896905,9598.28721686801
16:37,-15335.724224935391,-5361.5587829845,9420.042693085923
16:38,-15372.043646865626,-5567.894153749862,9239.756533202062
16:39,-15405.0327493297,-5773.023247510085,9057.467847244907
16:40,-15434.684444941115,-5976.901645841515,8873.216177705892
16:41,-15460.992369358972,-6179.485202782475,8687.041490945172
16:42,-15483.95088262625,-6380.7300543608035,8498.98416853044
16:43,-15503.555070356158,-6580.592628078248,8309.084998466413
16:44,-15519.800744758702,-6779.029652335783,8117.385166336586
16:45,-15532.684445510078,-6975.998165765943,7923.926246380679
16:46,-15542.203440466134,-7171.455526530204,7728.750192460008
16:47,-15548.355726214468,-7365.3594215281455,7531.8993289622
16:48,-15551.140028474863,-7557.667875527772,7333.416341622489
16:49,-15550.555802335335,-7748.3392602509675,7133.344268252327
16:50,-15546.603232335578,-7937.332303349537,6931.726489413849
16:51,-15539.283232387303,-8124.606097326231,6728.6067190100675
16:52,-15528.597445542067,-8310.12010836954,6524.028994797274
16:53,-15514.548243595982,-8493.834185104746,6318.037668842464
16:54,-15497.138726542344,-8675.708567260857,6110.677397901882
16:55,-15476.37272186075,-8855.70389425896,5901.993133738739
16:56,-15452.254783653241,-9033.781213705457,5692.030113377796
16:57,-15424.790191619002,-9209.901989806336,5480.833849293948
16:58,-15393.984949876882,-9384.028111674317,5268.450119554714
16:59,-15359.845785627702,-9556.12190156146,5054.92495788585
17:00,-15322.380147658998,-9726.146122987146,4840.304643701511
17:01,-15281.596204699532,-9894.063988765509,4624.635692074124
17:02,-15237.50284360679,-10059.839168956321,4407.964843645445
17:03,-15190.109667415292,-10223.435798681465,4190.339054508746
17:04,-15139.426993212843,-10384.818485874122,3971.8054860301518
17:05,-15085.465849873413,-10543.952318908468,3752.4114946220025
17:06,-15028.237975633541,-10700.802874119203,3532.2046214994184
17:07,-14967.755815512459,-10855.33622322976,3311.232582369641
17:08,-14904.032518582822,-11007.518940662256,3089.5432570972425
17:09,-14837.08193508746,-11157.318110738493,2867.18467934171
17:10,-14766.918613405445,-11304.701334773603,2644.2050261468685
17:11,-14693.557796862544,-11449.63673806001,2420.652607509143
17:12,-14617.015420402216,-11592.092976722746,2196.5758559212422
17:13,-14537.308107094177,-11732.039244477852,1972.0233158826554
17:14,-14454.453164504843,-11869.445279258949,1747.043633391201
17:15,-14368.468580913586,-12004.28136973371,1521.685545412782
17:16,-14279.373021381598,-12136.518361700388,1295.9978693325174
17:17,-14187.185823682528,-12266.127664353922,1070.0294923887031
17:18,-14091.926994077605,-12393.08125644115,843.8293610970302
17:19,-13993.617202954229,-12517.35169228378,617.4464706554766
17:20,-13892.277780314047,-12638.912107683664,390.929854343903
17:21,-13787.930711128021,-12757.736225690991,164.32857292031468
17:22,-13680.598630541797,-12873.798362254802,-62.3082959904447
17:23,-13570.304818945597,-12987.073431738943,-288.931668518937
17:24,-13457.07319690337,-13097.536952309787,-515.4924651570814
17:25,-13340.928319943116,-13205.16505119356,-741.941621374897
17:26,-13221.895373215744,-13309.934469795968,-968.2300982275437
17:27,-13100.000166009318,-13411.822568697524,-1194.3088929563066
17:28,-12975.269126138217,-13510.80733250508,-1420.129049579675
17:29,-12847.729294190764,-13606.86737457565,-1645.6416694781988
17:30,-12717.408317656158,-13699.981941594406,-1870.7979219523759
17:31,-12584.33444490653,-13790.130918027256,-2095.549054781239
17:32,-12448.53651906198,-13877.294830423938,-2319.8464047546745
17:33,-12310.043971722684,-13961.454851588152,-2543.6414081780445
17:34,-12168.886816578433,-14042.592804602504,-2766.885611365392
17:35,-12025.09564288176,-14120.6911667221,-2989.5306811074092
17:36,-11878.70160881511,-14195.733073113315,-3211.5284150996267
17:37,-11729.736434724233,-14267.70232045838,-3432.830752352521
17:38,-11578.232396231173,-14336.583370416172,-3653.3897835692237
17:39,-11424.222317236536,-14402.361352934986,-3873.157761477337
17:40,-11267.739562794059,-14465.022069425395,-4092.087111140437
17:41,-11108.81803187657,-14524.551995783477,-4310.1304402232645
17:42,-10947.492150026643,-14580.93828527142,-4527.2405492083935
17:43,-10783.796861893712,-14634.168771248213,-4743.370441585163
17:44,-10617.767623655138,-14684.231969759292,-4958.473333984671
17:45,-10449.440395340078,-14731.117081970819,-5172.502666264387
17:46,-10278.851633037091,-14774.813996459987,-5385.412111551143
17:47,-10106.038280995539,-14815.313291359795,-5597.1555862242485
17:48,-9931.037763618711,-14852.606236349498,-5807.687259866187
17:49,-9753.887977398712,-14886.684794494335,-6016.961565085044
17:50,-9574.627282654079,-14917.541623947774,-6224.933207416105
17:51,-9393.294495266788,-14945.170079491267,-6431.557175023405
17:52,-9209.928878280856,-14969.564213925041,-6636.788748411043
17:53,-9024.57013339648,-14990.718779317998,-6840.58351005879
17:54,-8837.258392394304,-15008.629228095557,-7042.897353984087
17:55,-8648.034208457464,-15023.291713982477,-7243.6864952390015
17:56,-8456.938547393922,-15034.703092796944,-7442.9074793444115
17:57,-8264.01277879392,-15042.860923086891,-7640.517191637819
17:58,-8069.298667084695,-15047.763466622806,-7836.472866553059
17:59,-7872.83836250181,-15049.40968873274,-8030.732096834938
18:00,-7674.674391995804,-15047.799258490644,-8223.252842649916
18:01,-7474.849650038369,-15042.932548750978,-8413.993440642977
18:02,-7273.407389360873,-15034.810636034836,-8602.912612897235
18:03,-7070.39121162064,-15023.43530026256,-8789.969475811366
18:04,-6865.8450579862365,-15008.80902433623,-8975.123548896825
18:05,-6659.813199651316,-14990.93499357252,-9158.334763484407
18:06,-6452.34022829222,-14969.817094983939,-9339.563471333724
18:07,-6243.47104643612,-14945.459916409509,-9518.770453168127
18:08,-6033.250857783516,-14917.868745497082,-9695.916927099186
18:09,-5821.7251574559305,-14887.049568534252,-9870.964556967348
18:10,-5608.939722190252,-14853.00906912912,-10043.875460581974
18:11,-5394.940600465554,-14815.754626745198,-10214.612217863205
18:12,-5179.774102577171,-14775.294315083262,-10383.137878887595
18:13,-4963.486790661138,-14731.636900319603,-10549.41597182259
18:14,-4746.12546865589,-14684.791839191663,-10713.410510770027
18:15,-4527.737172219504,-14634.769276937774,-10875.086003498676
18:16,-4308.369158585003,-14581.580045089519,-11034.407459076569
18:17,-4088.0688964375727,-14525.235659130787,-11191.340395351148
18:18,-3866.8840556057667,-14465.748315977857,-11345.850846420413
18:19,-3644.862496860504,-14403.130891350755,-11497.905369884124
18:20,-3422.052261579963,-14337.39693697699,-11647.471054049634
18:21,-3198.5015614301137,-14268.560677661855,-11794.51552499114
18:22,-2974.2587679707617,-14196.637008212072,-11939.0069535105
18:23,-2749.372402247467,-14121.641490211496,-12080.914061980606
18:24,-2523.891124359094,-14043.590348666707,-12220.206131055244
18:25,-2297.863722978312,-13962.500468500135,-12356.85300627715
18:26,-2071.339104857487,-13878.389390906781,-12490.825104557065
18:27,-1844.3662843111656,-13791.275309575725,-12622.093420525487
18:28,-1616.9943726655215,-13701.17706676321,-12750.629532773542
18:29,-1389.2725677004316,-13608.114149237017,-12876.405609956348
18:30,-1161.2501430719149,-13512.106684079727,-12999.394416775564
18:31,-932.9764376998309,-13413.175434352532,-13119.569319839653
18:32,-704.5008451805207,-13311.341794633747,-13236.90429338153
18:33,-475.872803143492,-13206.627786409204,-13351.3739248649
18:34,-247.14178263508254,-13099.056053341767,-13462.953420443928
18:35,-18.357277482969923,-12988.649856403978,-13571.61861029718
18:36,210.43120636294307,-12875.433068873159,-13677.345953834536
18:37,439.1741614488958,-12759.430171210735,-13780.112544755566
18:38,667.8220894787811,-12640.666245798195,-13879.896115987105
18:39,896.3255119525843,-12519.166971551162,-13976.675044478183
18:40,1124.6349807968702,-12394.958618410647,-14070.428355855121
18:41,1352.7010890015677,-12268.068041700357,-14161.135728945366
18:42,1580.474481243745,-12138.522676363398,-14248.777500158787
18:43,1807.9058644891584,-12006.350531080849,-14333.33466772583
18:44,2034.9460186000535,-11871.580182256812,-14414.78889580313
18:45,2261.5458069137817,-11734.240767893823,-14493.122518429172
18:46,2487.6561868058398,-11594.36198134234,-14568.3185433431
18:47,2713.228220235789,-11451.974064935663,-14640.36065565707
18:48,2938.2130842736847,-11307.107803503339,-14709.233221387864
18:49,3162.562081597786,-11159.794517773533,-14774.921290840959
18:50,3386.226650963568,-11010.066057660724,-14837.410601850583
18:51,3609.1583776580514,-10857.954795435367,-14896.687582874514
18:52,3831.309003903407,-10703.493618790908,-14952.739355940193
18:53,4052.630439241467,-10546.715923795722,-15005.553739444757
18:54,4273.074770887073,-10387.655607731838,-15055.119250808988
18:55,4492.594274029597,-10226.347061837283,-15101.425108979323
18:56,4711.141422104226,-10062.825163937208,-15144.461236782861
18:57,4928.668897027041,-9897.125270966348,-15184.218263134406
18:58,5145.129599375424,-9729.283211398606,-15220.687525090263
18:59,5360.476658529297,-9559.33527756968,-15253.861069754268
19:00,5574.663442769401,-9387.318217897697,-15283.731656032685
19:01,5787.643569311338,-9213.269229016685,-15310.292756236378
19:02,5999.370914302909,-9037.225947802825,-15333.538557533402
19:03,6209.799622765317,-8859.226443307143,-15353.463963249365
19:04,6418.884118467902,-8679.309208604189,-15370.064594014411
19:05,6626.579113754042,-8497.513152542455,-15383.336788758943
19:06,6832.839619309919,-8313.877591401933,-15393.277605556825
19:07,7037.620953861514,-8128.4422404728775,-15399.884822314705
19:08,7240.878753813609,-7941.247205542774,-15403.156937309184
19:09,7442.568982825296,-7752.33297429674,-15403.093169570337
19:10,7642.647941308726,-7561.740407643038,-15399.693459112015
19:11,7841.072275867015,-7369.510730949398,-15392.958467008697
19:12,8037.798988657562,-7175.685525202389,-15382.88957531865
19:13,8232.785446673515,-6980.30671809719,-15369.488886853935
19:14,8425.989390964234,-6783.4165750370175,-15352.759224796402
19:15,8617.368945765536,-6585.057690071792,-15332.704132160134
19:16,8806.88262755492,-6385.272976758962,-15309.327871100819
19:17,8994.489354022182,-6184.1056589589625,-15282.635422071511
19:18,9180.148452964417,-5981.599261552602,-15252.632482824501
19:19,9363.819671085419,-5777.797601104324,-15219.325467260755
19:20,9545.46318271502,-5572.744776451886,-15182.72150412593
19:21,9725.039598434278,-5366.48515924111,-15142.828435553583
19:22,9902.509973613933,-5159.06338439314,-15099.654815455804
19:23,10077.835816857114,-4950.524340517572,-15053.209907761666
19:24,10250.979098349608,-4740.913160267468,-15003.50368450258
19:25,10421.902258110904,-4530.275210640411,-14950.54682374766
19:26,10590.568214146742,-4318.656083230214,-14894.350707386882
19:27,10756.94037050982,-4106.101584416256,-14834.927418761146
19:28,10920.982625246514,-3892.6577255195693,-14772.289740145325
19:29,11082.659378245611,-3678.370712906294,-14706.451150079683
19:30,11241.935538990514,-3463.2869380355087,-14637.425820547624
19:31,11398.77653418567,-3247.4529674882433,-14565.22861401205
19:32,11553.148315288447,-3030.915532938792,-14489.875080297712
19:33,11705.017365936299,-2813.7215210792933,-14411.381453321696
19:34,11854.350709240049,-2595.9179635383243,-14329.764647687489
19:35,12001.115914985117,-2377.552026738431,-14245.042255121149
19:36,12145.281106709894,-2158.6710017279256,-14157.232540765308
19:37,12286.814968661309,-1939.3222939951281,-14066.354439331095
19:38,12425.686752646114,-1719.5534132331875,-13972.427551096724
19:39,12561.866284748718,-1499.4119631018343,-13875.472137770033
19:40,12695.323971934295,-1278.9456309513769,-13775.509118204463
19:41,12826.0308085328,-1058.202177526095,-13672.560063968485
19:42,12953.958382589297,-837.229426655988,-13566.647194781068
19:43,13079.078882098665,-616.0752549220147,-13457.79337379793
19:44,13201.365101103234,-394.7875813218236,-13346.022102766085
19:45,13320.790445671877,-173.41435689989703,-13231.357517031125
19:46,13437.328939744866,47.99644561268002,-13113.824380409233
19:47,13550.95523084161,269.39684217277073,-12993.448079928514
19:48,13661.644595648499,490.73884780984645,-12870.254620421536
19:49,13769.372945464218,711.9744870155833,-12744.27061899087
19:50,13874.116831507736,933.0558041167718,-12615.523299344022
19:51,13975.853450102008,1153.9348736824056,-12484.040485980888
19:52,14074.560647704046,1374.563810888041,-12349.850598268613
19:53,14170.21692580841,1594.8947819001323,-12212.9826443716
19:54,14262.801445709621,1814.8800142588645,-12073.46621505126
19:55,14352.29403311421,2034.4718072182877,-11931.331477352549
19:56,14438.675182621506,2253.6225421135996,-11786.609168145937
19:57,14521.9260620568,2472.2846926904554,-11639.330587551383
19:58,14602.028516656392,2690.410835418749,-11489.527592243201
19:59,14678.96507311582,2907.9536598028008,-11337.23258861811
20:00,14752.718943483127,3124.865978654805,-11182.478525855275
20:01,14823.274028908554,3341.1007383537617,-11025.298888849773
20:02,14890.614923248864,3556.611029073221,-10865.727691024711
20:03,14954.726916515965,3771.350094992332,-10703.799467031227
20:04,15015.595998181156,3985.2713444614287,-10539.549265329602
20:05,15073.208860325061,4198.328360149075,-10373.01264065645
20:06,15127.552900636887,4410.474909147332,-10204.2256463799
20:07,15178.616225262194,4621.664953046744,-10033.22482673929
20:08,15226.387651494395,4831.852657958473,-9860.047208985836
20:09,15270.856710316624,5040.992404517623,-9684.730295398684
20:10,15312.013648784121,5249.038797823851,-9507.312055210434
20:11,15349.849432254428,5455.946677341537,-9327.830916421466
20:12,15384.355746461357,5661.671126763393,-9146.325757504896
20:13,15415.524999431127,5866.167483805628,-8962.835899022677
20:14,15443.350323240835,6069.391349963077,-8777.401095136915
20:15,15467.825575622615,6271.298600216075,-8590.061525012517
20:16,15488.945341405491,6471.84539265694,-8400.85778414771
20:17,15506.704933801562,6670.98817808142,-8209.830875589767
20:18,15521.100395531541,6868.683709516298,-8017.0222010618945
20:19,15532.128499793302,7064.889051662503,-7822.473552013293
20:20,15539.786751065518,7259.561590306804,-7626.227100563078
20:21,15544.073385757823,7452.659041635895,-7428.325390370474
20:22,15544.987372697215,7644.139461498352,-7228.811327412274
20:23,15542.528413452199,7833.961254590422,-7027.728170685477
20:24,15536.696942501381,8022.083183561161,-6825.119522826588
20:25,15527.494127234615,8208.464378061424,-6621.029320644629
20:26,15514.921867799661,8393.064343689677,-6415.501825591881
20:27,15498.982796783328,8575.842970873342,-6208.581614153493
20:28,15479.680278733884,8756.760543668699,-6000.313568157688
20:29,15457.0184095185,8935.777748471974,-5790.7428650310885
20:30,15431.00201552715,9112.855682639778,-5579.914967975097
20:31,15401.636652706622,9287.955863036981,-5367.875616075626
20:32,15368.928605440571,9461.040234473145,-5154.670814364848
20:33,15332.884885265645,9632.071178067003,-4940.346823797972
20:34,15293.513229423861,9801.01151951162,-4724.950151187204
20:35,15250.822099264502,9967.824537229544,-4508.527539077299
20:36,15204.82067847471,10132.473970449286,-4291.125955564943
20:37,15155.518871157692,10294.924027173773,-4072.7925840573243
20:38,15102.92729974737,10455.139392046794,-3853.5748129966296
20:39,15047.057302767818,10613.085234115939,-3633.520225524224
20:40,14987.920932428962,10768.72721449554,-3412.6765891044224
20:41,14925.530952069978,10922.031493914723,-3191.0918451043576
20:42,14859.90083344208,11072.964740160889,-2968.8140983339235
20:43,14791.044753828819,11221.494135421071,-2745.891606542198
20:44,14718.977593024074,11367.587383488628,-2522.3727698907187
20:45,14643.714930138018,11511.21271688232,-2298.306120375926
20:46,14565.273040258302,11652.338903832177,-2073.74031123323
20:47,14483.668890951709,11790.935255156353,-1848.7241063070894
20:48,14398.920138615562,11926.971631014154,-1623.3063693954796
20:49,14311.045124672104,12060.418447543687,-1397.5360535703344
20:50,14220.062871612565,12191.246683375199,-1171.4621904764033
20:51,14125.993078893922,12319.427886015965,-945.1338796109314
20:52,14028.856118674354,12444.934178123023,-718.6002775865785
20:53,13928.673031410135,12567.738263636451,-491.910587380103
20:54,13825.465521297685,12687.813433791867,-265.1140475691874
20:55,13719.255951572399,12805.133572998873,-38.25992156075341
20:56,13610.067339652282,12919.673164597947,188.6025131928644
20:57,13497.923352149888,13031.407296470608,415.4239759682309
20:58,13382.848299723282,13140.311666533575,642.1551935689665
20:59,13264.867131798701,13246.362588082753,868.7469111024493
21:00,13144.00543114256,13349.536995010381,1095.149902762307
21:01,13020.289408290762,13449.812446885939,1321.3149826142503
21:02,12893.745895849012,13547.167133889661,1547.1930153539436
21:03,12764.402342643178,13641.579881617075,1772.7349270702414
21:04,12632.286807735723,13733.03015573875,1997.891715999969
21:05,12497.4279543128,13821.498066515775,2222.6144632421947
21:06,12359.85504343064,13906.964373175111,2446.8543434835265
21:07,12219.597927623228,13989.41048814766,2670.562635690104
21:08,12076.687044401157,14068.81848114322,2893.6907337692624
21:09,11931.153409587496,14145.171083105313,3116.1901572268853
21:10,11783.028610554727,14218.45168999732,3338.012561776475
21:11,11632.344799322984,14288.644366450435,3559.109749927007
21:12,11479.13468552195,14355.73384927026,3779.433681546084
21:13,11323.431529252663,14419.705550778997,3998.9364843712333
21:14,11165.269133805356,14480.545562021478,4217.570464501943
21:15,11004.681838272749,14538.240655812375,4435.288116835186
21:16,10841.70451003545,14592.778289636255,4652.042135471705
21:17,10676.372537126615,14644.146608397888,4867.785424078731
21:18,10508.721820499086,14692.33444701197,5082.471106190171
21:19,10338.788766160562,14737.33133284777,5296.052535477039
21:20,10166.610277201828,14779.127488018952,5508.4833059580105
21:21,9992.223745736295,14817.713831513593,5719.717262134248
21:22,9815.667044657754,14853.081981184383,5929.708509161618
21:23,9636.978519427446,14885.224255558698,6138.411422789192
21:24,9456.196979625234,14914.133675517764,6345.780659410717
21:25,9273.361690452419,14939.803965811576,6551.771165974822
21:26,9088.51236414781,14962.22955641341,6756.3381898242005
21:27,8901.689151278415,14981.405583724329,6959.437288493925
21:28,8712.932631948253,14997.327891617033,7161.024339428177
21:29,8522.283806913107,15009.993032326647,7361.055549618421
21:30,8329.784088590171,15019.398267183007,7559.487465187242
21:31,8135.475292001136,15025.541567183258,7756.276980873608
21:32,7939.399625600705,15028.421613415258,7951.381349455647
21:33,7741.599682036055,15028.03779731445,8144.758191092196
21:34,7542.118428819965,15024.39022077091,8336.365502571573
21:35,7340.999198917337,15017.47969607645,8526.16166648649
21:36,7138.285681256091,15007.30774571521,8714.105460318142
21:37,6934.021911162816,14993.876601996404,8900.156065431802
21:38,6728.252260711686,14977.189206533532,9084.273075986363
21:39,6521.021429023232,14957.249209563113,9266.416507740043
21:40,6312.374432461238,14934.060969111035,9446.546806779586
21:41,6102.356594789943,14907.629549999794,9624.624858136089
21:42,5891.013537252871,14877.960722701815,9800.611994309946
21:43,5678.391168577879,14845.060962036925,9974.470003701823
21:44,5464.535674942279,14808.937445714055,10146.161138929305
21:45,5249.493509860748,14769.598052721618,10315.648125046382
21:46,5033.311384019399,14727.051361557616,10482.894167663664
21:47,4816.03625506599,14681.306648313057,10647.862960945757
21:48,4597.715317333946,14632.373884596322,10810.518695515364
21:49,4378.395991515837,14580.26373530907,10970.826066239932
21:50,4158.125914324869,14524.987556272868,11128.750279888345
21:51,3936.9529280080014,14466.55739168174,11284.257062743582
21:52,3714.9250699776217,14404.98597144666,11437.312667980079
21:53,3492.0905622636114,14340.286708350668,11587.88388303074
21:54,3268.497800982045,14272.47369507309,11735.93803678786
21:55,3044.1953457686304,14201.561701060113,11881.443006690872
21:56,2819.231909167222,14127.566169249787,12024.367225692871
21:57,2593.656345997355,14050.503212647583,12164.679689103683
21:58,2367.51764268172,13970.389610758066,12302.349961308226
21:59,2140.8649065530362,13887.242805869737,12437.348182358666
22:00,1913.7473551429396,13801.08089919468,12569.645074438926
22:01,1686.2143054322707,13711.922646867228,12699.211948200285
22:02,1458.315163099565,13619.787455796934,12826.02070896715
22:03,1230.0994117442094,13524.695379383998,12950.043862808398
22:04,1001.6166020878845,13426.667113087982,13071.254522483103
22:05,772.916341180032,13325.723989864311,13189.626413242519
22:06,544.0482815810365,13221.887975456957,13305.13387850408
22:07,315.0621105417555,13115.181663556188,13417.751885386086
22:08,86.00753917548471,13005.628270819654,13527.45603010521
22:09,-143.06570836809485,12893.25163175803,13634.222543235823
22:10,-372.1079057304094,12778.076193489562,13738.028294827143
22:11,-601.0693351795368,12660.127010355536,13838.850799385593
22:12,-829.9002984233173,12539.429738413155,13936.668220707374
22:13,-1058.5511274317953,12416.010629792214,14031.459376573854
22:14,-1286.9721952454745,12289.896526922985,14123.203743303144
22:15,-1515.1139267644448,12161.114856642875,14211.8814601522
22:16,-1742.9268095360874,12029.693624170324,14297.473333578768
22:17,-1970.3614045234726,11895.661406953734,14379.960841356815
22:18,-2197.3683568452598,11759.047348406499,14459.326136538479
22:19,-2423.898406512934,11619.881151506257,14535.552051277322
22:20,-2649.902399124696,11478.193072287131,14608.622100494717
22:21,-2875.331296551948,11334.013913203784,14678.520485401838
22:22,-3100.1361875852676,11187.37501638294,14745.232096869644
22:23,-3324.2682985603037,11038.308256756347,14808.742518648507
22:24,-3547.679003942399,10886.84603508181,14869.03803043642
22:25,-3770.3198368846165,10733.021270849258,14926.105610795319
22:26,-3992.1424997402682,10576.867395078812,14979.932939914685
22:27,-4213.098874552285,10418.418343001935,15030.50840222334
22:28,-4433.141033475911,10257.70854664855,15077.821088844603
22:29,-4652.221249186664,10094.772927310136,15121.860799902319
22:30,-4870.292005221422,9929.64688791265,15162.618046668098
22:31,-5087.306006273598,9762.366305285252,15200.084053554956
22:32,-5303.2161884626385,9592.967522309926,15234.250759959417
22:33,-5517.975729509668,9421.487340002082,15265.110821941695
22:34,-5731.53805889315,9247.963009468847,15292.65761375536
22:35,-5943.85686793985,9072.432223775564,15316.88522922005
22:36,-6154.886119841742,8894.933109732428,15337.788482935233
22:37,-6364.580059630541,8715.504219572173,15355.362911341048
22:38,-6572.893224086051,8534.184522541136,15369.604773620818
22:39,-6779.7804515643675,8351.013396413466,15380.511052446502
22:40,-6985.196891782127,8166.030618899187,15388.07945456882
22:41,-7189.098015514912,7979.2763589816805,15392.308411249125
22:42,-7391.439624224515,7790.791168171898,15393.197078535106
22:43,-7592.177859628374,7600.615971667707,15390.745337379509
22:44,-7791.26921317294,7408.7920594528205,15384.953793601882
22:45,-7988.670535449275,7215.361077300183,15375.82377769339
22:46,-8184.339045507395,7020.365017721244,15363.35734446561
22:47,-8378.232340114519,6823.846210817224,15347.557272541795
22:48,-8570.30840291418,6625.847315074327,15328.427063692143
22:49,-8760.525613496584,6426.411308094014,15305.970942013495
22:50,-8948.842756397657,6225.5814772389795,15280.19385295192
22:51,-9135.219029999205,6023.4014102242545,15251.101462169843
22:52,-9319.614055332004,5819.914985651912,15218.700154259215
22:53,-9501.9878848066,5615.166363462548,15182.997031296061
22:54,-9682.301010824507,5409.199975353674,15143.999911244886
22:55,-9860.514374310551,5202.0605151234195,15101.71732620531
22:56,-10036.589373148789,4993.792928955417,15056.158520503936
22:57,-10210.48787049796,4784.442405675863,15007.333448637546
22:58,-10382.172203030297,4574.05436692857,14955.252773057755
22:59,-10551.605189053871,4362.6744573185215,14899.927861805276
23:00,-10718.750136526874,4150.348534510726,14841.370785994171
23:01,-10883.57085097657,3937.1226592714406,14779.59431714057
23:02,-11046.03164330069,3723.0430854779183,14714.611924343413
23:03,-11206.097337459527,3508.1562500865834,14646.437771315177
23:04,-11363.733278064079,3292.5087630540033,14575.08671325948
23:05,-11518.905337840642,3076.147397231452,14500.574293604708
23:06,-11671.57992498599,2859.1190782261015,14422.916740585839
23:07,-11821.723990407138,2641.470874218949,14342.130963680163
23:08,-11969.30503483941,2423.249985767195,14258.23454989654
23:09,-12114.291115850267,2204.503735567673,14171.24575991684
23:10,-12256.650854713787,1985.2795582046654,14081.183524097476
23:11,-12396.3534431747,1765.624989864898,13988.067438318738
23:12,-12533.368650077206,1545.587658041067,13891.91775969867
23:13,-12667.666827873529,1325.215271212757,13792.755402161598
23:14,-12799.218919010344,1104.5556085040375,13690.601931861676
23:15,-12927.996462178811,883.6565093374937,13585.479562472361
23:16,-13053.971598436618,662.5658630798824,13477.411150335869
23:17,-13177.117077212211,441.3315986493444,13366.420189463835
23:18,-13297.406262155331,220.00167415990583,13252.53080641887
23:19,-13414.813136873725,-1.375933481957516,13135.767755043866
23:20,-13529.312310527328,-222.75323895794332,13016.156411062782
23:21,-13640.87902328384,-444.0822589272853,12893.72276655144
23:22,-13749.489151645728,-665.3150224141621,12768.493424267437
23:23,-13855.119213634558,-886.4035811988674,12640.495591853056
23:24,-13957.746373835156,-1107.3000201883842,12509.757075910115
23:25,-14057.348448303459,-1327.956467792446,12376.306275941384
23:26,-14153.90390933138,-1548.3251062808013,12240.172178166973
23:27,-14247.391890069694,-1768.3581821356208,12101.38434921372
23:28,-14337.792189008138,-1988.0080163829805,11959.972929679845
23:29,-14425.085274311645,-2207.2270149093397,11815.968627575845
23:30,-14509.252288011485,-2425.9676787626286,11669.4027116428
23:31,-14590.275050049053,-2644.182614423176,11520.30700455325
23:32,-14668.136062178386,-2861.824544064367,11368.71387598372
23:33,-14742.818511711548,-3078.8463157745946,11214.6562355839
23:34,-14814.306275125553,-3295.2009137594823,11058.167525815497
23:35,-14882.58392151513,-3510.8414685121984,10899.281714682878
23:36,-14947.636715894441,-3725.7212669492965,10738.033288352815
23:37,-15009.450622351465,-3939.7937625149702,10574.4572436575
23:38,-15068.01230704972,-4153.01258524618,10408.589080490307
23:39,-15123.30914107723,-4365.331551802641,10240.4647940928
23:40,-15175.329203144447,-4576.704675450885,10070.120867235013
23:41,-15224.061282127479,-4787.0861760106445,9897.594262290682
23:42,-15269.49487945905,-4996.430489750537,9722.922413209337
23:43,-15311.620211363634,-5204.692279241006,9546.14321738736
23:44,-15350.42821094021,-5411.826443157449,9367.295027435226
23:45,-15385.91053008644,-5617.788126024597,9186.416642856304
23:46,-15418.059541271025,-5822.532727913886,9003.547301619903
23:47,-15446.8683391465,-6026.015914093851,8818.72667163967
23:48,-15472.33074200899,-6228.19362459886,8631.994842168704
23:49,-15494.441293098993,-6429.022083753128,8443.392315099076
23:50,-15513.195261745428,-6628.457809645919,8252.959996161613
23:51,-15528.588644354078,-6826.457623505201,8060.739186063484
23:52,-15540.618165236561,-7022.9786590436015,7866.771571516051
23:53,-15549.281277283406,-7217.9783717168275,7671.099216190485
23:54,-15554.576162477168,-7411.4145479107365,7473.764551598548
23:55,-15556.501732252105,-7603.24531406191,7274.810367880617
23:56,-15555.057627689135,-7793.429145710229,7074.279804523411
23:57,-15550.244219558566,-7981.924876456348,6872.216341010315
23:58,-15542.062608203993,-8168.691706860961,6668.663787379456
23:59,-15530.51462326432,-8353.68921325057,6463.66627473403
