time,x,y,z
00:00,-204.11620157366457,-12758.531929393048,-13786.765160103352
00:01,30.262932184065438,-12651.438527494895,-13886.448815849071
00:02,264.63551908261917,-12541.607553290958,-13983.126539110244
00:03,498.9508442149846,-12429.062751542284,-14076.777379087493
00:04,733.1582042396068,-12313.82845331294,-14167.381038415344
00:05,967.2069182631449,-12195.929570754155,-14254.917877533093
00:06,1201.0463387311106,-12075.391591765154,-14339.368918916665
00:07,1434.6258623346275,-11952.240574514362,-14420.7158511822
00:08,1667.894940865948,-11826.503141865338,-14498.941033028826
00:09,1900.8030920871279,-11698.206475665671,-14574.02749705259
00:10,2133.299910594699,-11567.378310915852,-14645.958953416015
00:11,2365.3350786437845,-11434.046929829767,-14714.719793369044
00:12,2596.8583769707197,-11298.24115577346,-14780.295092627744
00:13,2827.8196955940657,-11159.990347085,-14842.67061461038
00:14,3058.169044577157,-11019.324390793527,-14901.832813520165
00:15,3287.8565647881624,-10876.273696210585,-14957.768837289319
00:16,3516.832538618988,-10730.869188417388,-15010.466530372465
00:17,3745.0474006848417,-10583.142301638645,-15059.914436392588
00:18,3972.451748474255,-10433.124972516713,-15106.10180063647
00:19,4198.996352986525,-10280.849633266645,-15149.018572404826
00:20,4424.6321693208265,-10126.349204731754,-15188.655407211194
00:21,4649.310347223383,-9969.657089338978,-15225.003668829726
00:22,4872.982241617588,-9810.80716393437,-15258.05543119692
00:23,5095.599423058518,-9649.833772540209,-15287.803480156917
00:24,5317.113688168595,-9486.771718994229,-15314.24131505996
00:25,5537.477070011947,-9321.65625949969,-15337.363150207657
00:26,5756.641848432403,-9154.523095070845,-15357.163916146881
00:27,5974.5605603199865,-8985.408363896437,-15373.639260810749
00:28,6191.186009855503,-8814.348633586631,-15386.785550509168
00:29,6406.471278670777,-8641.380893348858,-15396.599870764561
00:30,6620.36973595561,-8466.542546070725,-15403.080026995525
00:31,6832.83504852738,-8289.871400295515,-15406.224545048348
00:32,7043.8211908129015,-8111.405662130881,-15406.032671574194
00:33,7253.282454778851,-7931.18392706216,-15402.504374253598
00:34,7461.173459800107,-7749.245171677797,-15395.640341867222
00:35,7667.449162449087,-7565.628745321499,-15385.441984213345
00:36,7872.06486621584,-7380.374361664087,-15371.911431872124
00:37,8074.976231173277,-7193.522090179658,-15355.051535815628
00:38,8276.139283553102,-7005.112347558821,-15334.865866864317
00:39,8475.510425237806,-6815.185889052744,-15311.358714992046
00:40,8673.046443202336,-6623.783799719213,-15284.535088473891
00:41,8868.704518848495,-6430.947485619712,-15254.400712884533
00:42,9062.442237264624,-6236.718664942049,-15220.962029942168
00:43,9254.2175964229,-6041.139359030552,-15184.226196196629
00:44,9443.989016249097,-5844.251883393181,-15144.20108157078
00:45,9631.715347645973,-5646.098838600664,-15100.89526774288
00:46,9817.355881402449,-5446.723101147919,-15054.318046380531
00:47,10000.870357012538,-5246.167814252918,-15004.479417223183
00:48,10182.218971419994,-5044.476378575758,-14951.390086007586
00:49,10361.362387638992,-4841.692442911258,-14895.0614622494
00:50,10538.261743299385,-4637.859894802106,-14835.505656868076
00:51,10712.878659084347,-4433.022851107497,-14772.735479663543
00:52,10885.175247069452,-4227.225648517671,-14706.764436641668
00:53,11055.1141189506,-4020.5128340299493,-14637.606727193226
00:54,11222.658394188826,-3812.9291553485264,-14565.277241115831
00:55,11387.77170802107,-3604.519551274447,-14489.791555497532
00:56,11550.418219382289,-3395.3291420281294,-14411.165931444653
00:57,11710.562618711434,-3185.403219536769,-14329.41731066486
00:58,11868.170135646134,-2974.787237681595,-14244.563311903132
00:59,12023.206546604628,-2763.5268025072264,-14156.622227231162
01:00,12175.63818225043,-2551.667662401011,-14065.613018192043
01:01,12325.431934849641,-2339.2556982203064,-13971.555311795619
01:02,12472.55526549018,-2126.336913422976,-13874.469396380417
01:03,12616.976211205814,-1912.9574241254393,-13774.376217318708
01:04,12758.663391965229,-1699.1634491623704,-13671.297372584882
01:05,12897.58601753011,-1485.0013001226073,-13565.25510819037
01:06,13033.713894212677,-1270.51737133642,-13456.272313458567
01:07,13167.017431483051,-1055.7581298650393,-13344.37251617876
01:08,13297.46764845791,-840.7701054747165,-13229.579877613407
01:09,13425.03618027117,-625.5998805578677,-13111.919187358802
01:10,13549.6952842941,-410.2940800864452,-12991.415858084403
01:11,13671.41784623391,-194.8993615266253,-12868.095920128533
01:12,13790.177386106749,20.53759526562134,-12741.986015949975
01:13,13905.94806405903,235.9700981310403,-12613.113394462453
01:14,14018.704686062198,451.3514527139553,-12481.505905227204
01:15,14128.422709473487,666.6349725838289,-12347.191992509055
01:16,14235.078248449647,881.7739893376228,-12210.200689211137
01:17,14338.648079225402,1096.7218627134487,-12070.56161067505
01:18,14439.109645249286,1311.4319907026838,-11928.304948353703
01:19,14536.44106217709,1525.8578196549818,-11783.46146335721
01:20,14630.621122721835,1739.9528543726644,-11636.062479873093
01:21,14721.629301357483,1953.670668202349,-11486.139878463224
01:22,14809.445758881633,2166.964913116487,-11333.72608923062
01:23,14894.051346819297,2379.789329767155,-11178.854084882183
01:24,14975.427611693216,2592.0977575441348,-11021.557373648917
01:25,15053.556799136932,2803.844144608399,-10861.86999209761
01:26,15128.421857852729,3014.9825578891605,-10699.826497836237
01:27,15200.006443429687,3225.46719308526,-10535.461962081712
01:28,15268.294922002946,3435.252384630996,-10368.81196212362
01:29,15333.27237375512,3644.292615616463,-10199.912573688567
01:30,15394.924596275481,3852.5425277221066,-10028.80036316215
01:31,15453.238107753074,4059.9569310759957,-9855.512379732241
01:32,15508.200150017488,4266.490814103191,-9680.086147411635
01:33,15559.798691428841,4472.0993533446845,-9502.559656941854
01:34,15608.022429598937,4676.737923219844,-9322.971357617982
01:35,15652.860793964916,4880.362105758898,-9141.360148990234
01:36,15694.303948196923,5082.927700298837,-8957.765372472442
01:37,15732.342792451142,5284.39073312245,-8772.226802849762
01:38,15766.968965458647,5484.707467063767,-8584.784639688602
01:39,15798.174846455733,5683.8344110558255,-8395.479498652301
01:40,15825.95355695344,5881.728329639433,-8204.352402713917
01:41,15850.298962343095,6078.346252393077,-8011.444773298954
01:42,15871.205673340852,6273.645483347097,-7816.798421308453
01:43,15888.669047269816,6467.583610309398,-7620.455538074325
01:44,15902.68518917853,6660.118514137385,-7422.458686227063
01:45,15913.250952794951,6851.208377965095,-7222.850790466925
01:46,15920.363941318088,7040.811696354561,-7021.6751282585465
01:47,15924.02250804438,7228.8872843692425,-6818.975320460872
01:48,15924.2257568301,7415.394286607839,-6614.795321850828
01:49,15920.973542388809,7600.292186153262,-6409.17941158444
01:50,15914.266470423705,7783.540813437731,-6202.172183599773
01:51,15904.10589759496,7965.100355066914,-5993.81853690974
01:52,15890.49393132368,8144.931362532007,-5784.1636658629095
01:53,15873.433429427383,8322.994760866362,-5573.253050319227
01:54,15852.927999591871,8499.25185722167,-5361.132445755005
01:55,15828.981998679843,8673.664349353296,-5147.847873310807
01:56,15801.600531869739,8846.194334026186,-4933.445609786397
01:57,15770.789451635752,9016.804315332942,-4717.972177561785
01:58,15736.55535655377,9185.457212936102,-4501.474334468012
01:59,15698.905589955568,9352.116370194086,-4283.999063611731
02:00,15657.848238401846,9516.745562236054,-4065.5935631240386
02:01,15613.3921300078,9679.309003902486,-3846.3052358826876
02:02,15565.546832591206,9839.77135761492,-3626.181679186743
02:03,15514.322651666262,9998.097741142361,-3405.2706743621293
02:04,15459.730628266407,10154.253735271419,-3183.6201763477366
02:05,15401.782536611285,10308.205391368481,-2961.2783032324196
02:06,15340.490881602836,10459.91923885412,-2738.293325746654
02:07,15275.868896169348,10609.362292553638,-2514.7136567337034
02:08,15207.930538441233,10756.502059955299,-2290.5878405785534
02:09,15136.690488765616,10901.30654836279,-2065.9645425969647
02:10,15062.16414656338,11043.744271930631,-1840.8925384112235
02:11,14984.367627027177,11183.784258590033,-1615.4207032925538
02:12,14903.31775765542,11321.396056870019,-1389.5980014725417
02:13,14819.032074634422,11456.54974259336,-1163.4734754469346
02:14,14731.528819060872,11589.215925461105,-937.0962352602422
02:15,14640.826933003515,11719.365755527348,-710.5154477492873
02:16,14546.946055410972,11846.970929549458,-483.7803257967788
02:17,14449.906517873154,11972.003697208509,-256.94011757322323
02:18,14349.729340213276,12094.436867228083,-30.044095755397763
02:19,14246.436225938614,12214.243813354506,196.85845325505252
02:20,14140.049557537825,12331.398480215074,423.7182401086973
02:21,14030.592391618287,12445.875389060344,650.4859833119082
02:22,13918.08845390155,12557.649643369727,877.1124200054157
02:23,13802.562134076092,12666.696934323012,1103.548316739947
02:24,13684.038480484593,12772.993546160307,1329.7444802708749
02:25,13562.543194678796,12876.51636139627,1555.6517683222935
02:26,13438.10262582921,12977.242865903407,1781.2211003389748
02:27,13310.743764971923,13075.151153877312,2006.4034682586312
02:28,13180.49423914634,13170.2199326384,2231.1499472183227
02:29,13047.38230536149,13262.428527325626,2455.4117062780438
02:30,12911.436844432457,13351.756885441944,2679.140019122294
02:31,12772.687354683962,13438.185581259186,2902.286274723379
02:32,12631.163945505368,13521.695820092018,3124.80198799694
02:33,12486.89733078322,13602.269442423283,3346.638810410991
02:34,12339.918822186159,13679.888927897358,3567.7485405839575
02:35,12190.260322329354,13754.537399164295,3788.083134833143
02:36,12037.954317798347,13826.198625586085,4007.594717705549
02:37,11883.033872042386,13894.85702680202,4226.235592462876
02:38,11725.53261815519,13960.497676139126,4443.958251518535
02:39,11565.484751509219,14023.106303891152,4660.715386847931
02:40,11402.92502227836,14082.669300442216,4876.459900347574
02:41,11237.888727836655,14139.173719247754,5091.144914140909
02:42,11070.411705027844,14192.607279669948,5304.723780849995
02:43,10900.530322321782,14242.958369662148,5517.1500938091285
02:44,10728.281471860784,14290.216048306018,5728.377697208307
02:45,10553.702561371312,14334.370048202834,5938.360696211983
02:46,10376.831505988457,14375.410777708892,6147.053466984522
02:47,10197.70671991606,14413.329323034428,6354.410666715631
02:48,10016.367108062212,14448.117450171467,6560.387243484137
02:49,9832.852057490478,14479.767606690124,6764.938446145192
02:50,9647.2014287992,14508.272923374692,6968.019834111751
02:51,9459.455547383397,14533.627215711873,7169.58728707943
02:52,9269.655194611145,14555.824985222795,7369.597014665533
02:53,9077.841598876586,14574.861420651136,7568.005565989807
02:54,8884.056426585788,14590.732398987573,7764.769839162207
02:55,8688.3417730117,14603.434486355733,7959.847090709371
02:56,8490.740153090728,14612.96493873158,8153.194944905636
02:57,8291.294492091578,14619.32170252408,8344.771403036815
02:58,8090.048116222882,14622.50341499003,8534.534852571847
02:59,7887.0447431403545,14622.509404508368,8722.444076240781
03:00,7682.328472376049,14619.339690690269,8908.458261037524
03:01,7475.943775668785,14612.994984348346,9092.537007126182
03:02,7267.935487240411,14603.476687302562,9274.640336649274
03:03,7058.348793967113,14590.78689204092,9454.728702453074
03:04,6847.229225478564,14574.9283812237,9632.762996717494
03:05,6634.622644211391,14555.904627040178,9808.704559460415
03:06,6420.575235350279,14533.719790407147,9982.515186981931
03:07,6205.133496723718,14508.3787200208,10154.157140180312
03:08,5988.344228634829,14479.88695125607,10323.593152766012
03:09,5770.254523603263,14448.250704913069,10490.786439387199
03:10,5550.911756070627,14413.47688581427,10655.700703629282
03:11,5330.363572045016,14375.573081252536,10818.30014590596
03:12,5108.657878657617,14334.547559286793,10978.549471258426
03:13,4885.842833703759,14290.409266890434,11136.413897018092
03:14,4661.966835117393,14243.1678279521,11291.859160362264
03:15,4437.078510323983,14192.833541112006,11444.851525802664
03:16,4211.226705708508,14139.417377484515,11595.357792443941
03:17,3984.4604758811442,14082.93097820136,11743.345301232164
03:18,3756.8290729638684,14023.386651820952,11888.781942037336
03:19,3528.3819358289356,13960.797371590423,12031.636160618755
03:20,3299.1686793080285,13895.176772564675,12171.876965461535
03:21,3069.239083346143,13826.539148577538,12309.473934498359
03:22,2838.6430821346084,13754.899449069142,12444.397221700308
03:23,2607.430753215354,13680.273275774836,12576.617563534946
03:24,2375.6523065327146,13602.676879262508,12706.106285310809
03:25,2143.358073492259,13522.127155340064,12832.835307370953
03:26,1910.598495970004,13438.641641313938,12956.777151170229
03:27,1677.4241153121395,13352.238512110813,13077.904945213502
03:28,1443.8855613058558,13262.936576260578,13196.192430861596
03:29,1210.0335411514584,13170.755271744418,13311.613967996484
03:30,975.9188283882611,13075.714661697477,13424.144540562624
03:31,741.5922518399824,12977.835429984552,13533.759761957721
03:32,507.10468454337087,12877.138876642455,13640.43588028534
03:33,272.5070326502486,12773.64691317759,13744.14978347952
03:34,37.85022434706686,12667.382057741801,13844.879004276398
03:35,-196.81480123538546,12558.36743017313,13942.60172504844
03:36,-431.4371051204816,12446.62674690297,14037.296782498608
03:37,-665.9657595677467,12332.184315741613,14128.94367220398
03:38,-900.3498591508859,12215.06503053239,14217.52255301858
03:39,-1134.538531846885,12095.294365674996,14303.014251333265
03:40,-1368.4809501010814,11972.89837052638,14385.40026518676
03:41,-1602.1263418664548,11847.903663687744,14464.662768222539
03:42,-1835.4240016661404,11720.337427145945,14540.784613513662
03:43,-2068.323301596174,11590.227400320064,14613.749337220528
03:44,-2300.7737023353543,11457.601873970232,14683.54116211172
03:45,-2532.7247641408285,11322.489683986782,14750.145000933297
03:46,-2764.1261577871783,11184.920205077744,14813.546459619856
03:47,-2994.9276755049136,11044.92334432655,14873.731840361634
03:48,-3225.0792418883366,10902.529534639178,14930.68814451652
03:49,-3454.5309247593245,10757.769728081152,14984.403075369737
03:50,-3683.2329460117967,10610.675389099537,15034.865040740624
03:51,-3911.1356924077277,10461.27848763929,15082.06315543531
03:52,-4138.189726356406,10309.611492140948,15125.987243547586
03:53,-4364.345796613243,10155.707362453757,15166.627840599855
03:54,-4589.554848987047,9999.599542614556,15203.9761955364
03:55,-4813.768036960234,9841.321953546692,15238.024272556071
03:56,-5036.936732286581,9680.908985644046,15268.764752791521
03:57,-5259.012535525586,9518.395491261792,15296.19103583216
03:58,-5479.947286539379,9353.816777099313,15320.297241092094
03:59,-5699.693074911643,9187.20859650403,15341.078209018766
04:00,-5918.202250340026,9018.607141657712,15358.529502149084
04:01,-6135.427432956823,8848.049035678947,15372.647406006436
04:02,-6351.321523570354,8675.571324648612,15383.428929840315
04:03,-6565.837713885927,8501.21146951231,15390.871807211633
04:04,-6778.9294966202515,8325.007337927173,15394.974496418468
04:05,-6990.550675568078,8146.99719600725,15395.736180766271
04:06,-7200.655375609404,7967.219699975643,15393.156768680834
04:07,-7409.1980526205125,7785.713887754664,15387.236893663954
04:08,-7616.133503332371,7602.519170457422,15377.97791409258
04:09,-7821.416875103546,7417.675323809,15365.381912860958
04:10,-8025.003675619556,7231.2224794864815,15349.451696866166
04:11,-8226.849782511039,7043.201116385241,15330.190796337196
04:12,-8426.911452892968,6853.652051808825,15307.603464007452
04:13,-8625.14533281112,6662.616432596271,15281.6946741321
04:14,-8821.508466619935,6470.1357261632,15252.470121347847
04:15,-9015.95830625482,6276.251711492433,15219.93621937913
04:16,-9208.452720433239,6081.006470040215,15184.100099586653
04:17,-9398.95000373784,5884.442376606007,15144.969609365164
04:18,-9587.408885636101,5686.602090110082,15102.553310381878
04:19,-9773.788539392754,5487.528544321394,15056.860476662614
04:20,-9958.048590869215,5287.264938546182,15007.901092527913
04:21,-10140.149127251567,5085.854728230959,14955.685850369799
04:22,-10320.050705664631,4883.341615524556,14900.226148278582
04:23,-10497.714361671093,4679.7695398022115,14841.534087521646
04:24,-10673.101617691767,4475.182668112209,14779.622469862776
04:25,-10846.174491300228,4269.625385594405,14714.504794736724
04:26,-11016.895503414664,4063.14228584989,14646.19525627154
04:27,-11185.227686388844,3855.7781612528465,14574.708740158427
04:28,-11351.134591969712,3647.5779932507153,14500.060820380644
04:29,-11514.580299168678,3438.586942589486,14422.267755784098
04:30,-11675.529422005096,3228.850339518263,14341.346486504746
04:31,-11833.947117120899,3018.413673976073,14257.314630255945
04:32,-11989.799091308885,2807.3225857000757,14170.19047845497
04:33,-12143.05160888916,2595.6228543501147,14079.992992219306
04:34,-12293.671498979038,2383.3603895812553,13986.74179821301
04:35,-12441.626162649605,2170.581221077854,13890.457184342866
04:36,-12586.883579936544,1957.3314885903192,13791.160095325822
04:37,-12729.412316741606,1743.6574319312413,13688.87212810432
04:38,-12869.1815316014,1529.6053809535968,13583.615527125467
04:39,-13006.160982328993,1315.2217455106584,13475.4131794793
04:40,-13140.321032519518,1100.5530054074372,13364.288609903786
04:41,-13271.632657938693,885.6457003191476,13250.265975640727
04:42,-13400.067452765194,670.546419715218,13133.370061166164
04:43,-13525.5976356946,455.3017927804584,13013.626272790989
04:44,-13648.19605593128,239.95847829454698,12891.060633105968
04:45,-13767.836199020192,24.563154537473903,12765.699775315405
04:46,-13884.492192551352,-190.83749081470873,12637.570937429844
04:47,-13998.138811722707,-406.1967708063986,12506.701956331053
04:48,-14108.75148476765,-621.4680093120319,12373.121261702143
04:49,-14216.30629822817,-836.6045511296157,12236.857869845298
04:50,-14320.780002101983,-1051.5597720914745,12097.941377353929
04:51,-14422.150014837614,-1266.287089160875,11956.401954668612
04:52,-14520.394428177247,-1480.7399704974623,11812.270339520748
04:53,-14615.492011872815,-1694.87194554947,11665.577830227881
04:54,-14707.422218236106,-1908.6366150967324,11516.356278894475
04:55,-14796.165186550143,-2121.9876612925377,11364.638084481656
04:56,-14881.7017473334,-2334.878857694628,11210.456185755424
04:57,-14964.013426451573,-2547.26407926591,11053.844054123143
04:58,-15043.082449075739,-2759.0973123459094,10894.835686361408
04:59,-15118.891743494372,-2970.33266461518,10733.465597220069
05:00,-15191.424944770983,-3180.9243750224855,10569.768811919304
05:01,-15260.66639824669,-3390.82682367201,10403.780858543401
05:02,-15326.60116289444,-3599.994541713796,10235.537760308236
05:03,-15389.215014513346,-3808.382221164623,10065.076027739831
05:04,-15448.494448767151,-4015.944724700907,9892.43265074851
05:05,-15504.426684073605,-4222.637095435735,9717.645090581284
05:06,-15556.999664330533,-4428.414566632876,9540.75127169106
05:07,-15606.20206148768,-4633.232571386652,9361.789573499736
05:08,-15652.023277961076,-4837.046752267747,9180.79882205764
05:09,-15694.453448887913,-5039.812970902002,8997.818281619202
05:10,-15733.483444222795,-5241.487317516067,8812.887646117662
05:11,-15769.104870677265,-5442.0261204371955,8626.047030540018
05:12,-15801.310073496936,-5641.385955528805,8437.33696222257
05:13,-15830.092138078451,-5839.523655571891,8246.798372059562
05:14,-15855.444891429841,-6036.396319610236,8054.472585604309
05:15,-15877.362903466657,-6231.961322205348,7860.401314113381
05:16,-15895.841488145757,-6426.17632265795,7664.626645493293
05:17,-15910.876704445322,-6618.999274152537,7467.191035161484
05:18,-15922.465357174893,-6810.3884328514,7268.137296834233
05:19,-15930.604997628667,-7000.302366901866,7067.508593245396
05:20,-15935.293924075539,-7188.699965395692,6865.34842677631
05:21,-15936.531182089206,-7375.540447245646,6661.700630018941
05:22,-15934.316564713077,-7560.78336999174,6456.609356275952
05:23,-15928.650612466396,-7744.388638545949,6250.119069969989
05:24,-15919.534613186495,-7926.316513844751,6042.274537008184
05:25,-15906.970601711006,-8106.527621422172,5833.120815082336
05:26,-15890.961359396484,-8284.98295992422,5622.703243884195
05:27,-15871.51041347467,-8461.64390952603,5411.067435280885
05:28,-15848.622036252746,-8636.472240255638,5198.2592634342955
05:29,-15822.301244142152,-8809.430120271221,4984.324854833073
05:30,-15792.553796538132,-8980.480123999023,4769.3105783181645
05:31,-15759.386194528253,-9149.58524022284,4553.2630350241525
05:32,-15722.805679446876,-9316.708880068618,4336.229048272527
05:33,-15682.820231266307,-9481.814884894822,4118.255653432367
05:34,-15639.43856682927,-9644.867534094969,3899.390087719634
05:35,-15592.670137919467,-9805.83155280006,3679.6797799718415
05:36,-15542.525129177939,-9964.672119484121,3459.1723403636774
05:37,-15489.014455857989,-10121.354873468714,3237.9155501012324
05:38,-15432.149761419021,-10275.84592233844,3015.9573510613745
05:39,-15371.943414968973,-10428.111849238023,2793.345835415981
05:40,-15308.408508543103,-10578.119720081359,2570.129235207704
05:41,-15241.558854234796,-10725.83709063781,2346.355911913365
05:42,-15171.408981162389,-10871.232013527306,2122.07434597023
05:43,-15097.974132287203,-11014.27304509772,1897.3331262776342
05:44,-15021.270261070924,-11154.929252200965,1672.1809396777041
05:45,-14941.314027985123,-11293.170218851074,1446.6665604057252
05:46,-14858.122796868436,-11428.966052764128,1220.8388395591103
05:47,-14771.714631125635,-11562.287391799951,994.7466945006942
05:48,-14682.108289781374,-11693.105410275342,768.4390982815157
05:49,-14589.323223385096,-11821.391825160159,541.9650690531936
05:50,-14493.37956975438,-11947.118902172464,315.3736594382602
05:51,-14394.298149587325,-12070.259461729078,88.71394594517149
05:52,-14292.100461920787,-12190.78688478726,-137.9649816557443
05:53,-14186.808679432797,-12308.675118574367,-364.6140309559691
05:54,-14078.445643616249,-12423.898682174584,-591.1841175179468
05:55,-13967.034859793583,-12536.432672009243,-817.626175487991
05:56,-13852.600492000855,-12646.252767176386,-1043.8911682109879
05:57,-13735.16735771855,-12753.33523467766,-1269.9300988215837
05:58,-13614.760922478516,-12857.656934498751,-1495.6940208341668
05:59,-13491.407294305476,-12959.195324588143,-1721.134048727563
06:00,-13365.133218044286,-13057.928465680448,-1946.2013685080854
06:01,-13235.96606954195,-13153.835025999322,-2170.8472482470584
06:02,-13103.933849690875,-13246.894285829685,-2395.0230486147507
06:03,-12969.06517833912,-13337.086141956426,-2618.6802333860574
06:04,-12831.389288075225,-13424.39111196329,-2841.770379915272
06:05,-12690.936017870123,-13508.790338405965,-3064.2451895988206
06:06,-12547.735806589226,-13590.265592847843,-3286.056498311501
06:07,-12401.819686396555,-13668.799279748171,-3507.1562867775106
06:08,-12253.219276001391,-13744.374440230302,-3727.4966909589534
06:09,-12101.966773800541,-13816.974755699273,-3947.0300123761626
06:10,-11948.094950892848,-13886.58455132449,-4165.708728393109
06:11,-11791.637143957245,-13953.188799388274,-4383.48550248671
06:12,-11632.627248033665,-14016.773122482682,-4600.313194442417
06:13,-11471.09970916659,-14077.323796576775,-4816.144870523044
06:14,-11307.08951693535,-14134.82775393619,-5030.933813597867
06:15,-11140.632196867851,-14189.272585905932,-5244.633533208734
06:16,-10971.763802748348,-14240.646545542055,-5457.19777559236
06:17,-10800.520908794022,-14288.938550112489,-5668.580533656714
06:18,-10626.940601743952,-14334.13818344159,-5878.736056887916
06:19,-10451.060472811385,-14376.23569812363,-6087.618861221483
06:20,-10272.918609589822,-14415.222017572254,-6295.183738794375
06:21,-10092.553587731238,-14451.088737958611,-6501.385767768889
06:22,-9910.004462657449,-14483.828129968528,-6706.180321939837
06:23,-9725.310761089493,-14513.433140435196,-6909.5230803675795
06:24,-9538.512472497812,-14539.897393820233,-7111.3700369210765
06:25,-9349.650040459555,-14563.215193549217,-7311.677509744343
06:26,-9158.76435389928,-14583.381523202981,-7510.402150675091
06:27,-8965.896738262847,-14600.392047559706,-7707.500954559007
06:28,-8771.088946578402,-14614.243113492521,-7902.931268512245
06:29,-8574.383150437488,-14624.93175071816,-8096.650801097796
06:30,-8375.821930876653,-14632.455672403972,-8288.617631425579
06:31,-8175.4482691941175,-14636.813275620543,-8478.790218162989
06:32,-7973.30553764931,-14638.00364165454,-8667.127408483306
06:33,-7769.437490104933,-14636.026536171776,-8853.588446908627
06:34,-7563.888252593481,-14630.88240923165,-9038.132984066666
06:35,-7356.7023137749,-14622.572395158952,-9220.72108537943
06:36,-7147.924515348432,-14611.098312264667,-9401.313239641458
06:37,-6937.600042373579,-14596.462662424889,-9579.87036751335
06:38,-6725.7744135202665,-14578.668630508628,-9756.353829927182
06:39,-6512.49347125784,-14557.720083663138,-9930.725436384082
06:40,-6297.803371972449,-14533.62157045114,-10102.947453161403
06:41,-6081.750576004145,-14506.378319843718,-10272.982611428099
06:42,-5864.381837641256,-14475.996240065573,-10440.794115248256
06:43,-5645.744195046449,-14442.481917299516,-10606.345649481811
06:44,-5425.884960108222,-14405.842614238989,-10769.601387599254
06:45,-5204.851708260935,-14366.08626850332,-10930.525999366397
06:46,-4982.692268234406,-14323.221490907086,-11089.084658434105
06:47,-4759.454711726831,-14277.257563576415,-11245.243049841125
06:48,-4535.187343122802,-14228.204437948092,-11398.967377331128
06:49,-4309.938689007195,-14176.072732587014,-11550.224370677048
06:50,-4083.7574877635943,-14120.873730896621,-11698.981292788421
06:51,-3856.6926790806197,-14062.619378668034,-11845.205946751845
06:52,-3628.793393410605,-14001.322281495975,-11988.866682746597
06:53,-3400.108941405094,-13936.995702050684,-12129.932404841526
06:54,-3170.6888032882152,-13869.653557210402,-12268.37257767988
06:55,-2940.582618235987,-13799.310415058615,-12404.157233027661
06:56,-2709.8401736758624,-13725.981491735247,-12537.256976222152
06:57,-2478.511394587382,-13649.682648156446,-12667.64299248141
06:58,-2246.6463327608426,-13570.430386594657,-12795.287053096228
06:59,-2014.2951560379427,-13488.24184712254,-12920.161521494649
07:00,-1781.5081375111988,-13403.134803918587,-13042.239359185802
07:01,-1548.3356447337085,-13315.12766144682,-13161.494131561403
07:02,-1314.828128872955,-13224.239450490431,-13277.900013586841
07:03,-1081.0361138629198,-13130.489824057944,-13391.431795352904
07:04,-847.0101855620353,-13033.899053164378,-13502.06488748796
07:05,-612.8009808527137,-12934.48802246389,-13609.775326459003
07:06,-378.45917677080996,-12832.278225769549,-13714.539779717967
07:07,-144.0354796197856,-12727.29176143616,-13816.335550723072
07:08,90.41938595297879,-12619.55132760779,-13915.140583831173
07:09,324.85468783626703,-12509.08021735169,-14010.933469039574
07:10,559.2196973664535,-12395.902313659119,-14103.693446597923
07:11,793.4637002414092,-12280.042084311855,-14193.400411488512
07:12,1027.5360074023824,-12161.524576645195,-14280.034917750354
07:13,1261.3859659439684,-12040.375412166084,-14363.578182680738
07:14,1494.9629699981567,-11916.620781062702,-14444.012090884704
07:15,1728.2164716080185,-11790.287436588844,-14521.319198186759
07:16,1961.0959915982194,-11661.40268932828,-14595.482735399377
07:17,2193.551130422251,-11529.994401342374,-14666.486611947586
07:18,2425.5315790074274,-11396.09098019369,-14734.315419352737
07:19,2656.9871295513385,-11259.721372869464,-14798.95443456319
07:20,2887.867686334081,-11120.915059570281,-14860.389623149993
07:21,3118.1232764912847,-10979.702047393752,-14918.607642350957
07:22,3347.7040607414747,-10836.112863917257,-14973.595843964255
07:23,3576.560344124639,-10690.178550648205,-15025.342277103
07:24,3804.64258668546,-10541.93065637702,-15073.835690797074
07:25,4031.9014141184875,-10391.40123042932,-15119.065536443537
07:26,4258.287628405922,-10238.622815792089,-15161.021970114949
07:27,4483.752218400287,-10083.628442145584,-15199.695854714033
07:28,4708.246370357527,-9926.451618800724,-15235.078761975983
07:29,4931.721478463873,-9767.126327508322,-15267.162974327319
07:30,5154.129155286991,-9605.687015191572,-15295.941486586797
07:31,5375.421242186797,-9442.168586573356,-15321.408007518436
07:32,5595.549819708866,-9276.606396686368,-15343.556961234406
07:33,5814.467217881271,-9109.036243318273,-15362.383488442192
07:34,6032.126026499852,-8939.494359334632,-15377.883447542568
07:35,6248.479105335088,-8768.017404924623,-15390.053415573986
07:36,6463.479594297293,-8594.642459745477,-15398.890689004478
07:37,6677.080923533888,-8419.407014983353,-15404.3932843706
07:38,6889.23682347449,-8242.348965319703,-15406.559938763354
07:39,7099.901334812533,-8063.50660081086,-15405.39011016093
07:40,7309.028818408181,-7882.918598694846,-15400.883977608008
07:41,7516.573965154819,-7700.62401508864,-15393.042441241676
07:42,7722.491805741865,-7516.662276633813,-15381.867122164138
07:43,7926.737720377849,-7331.073172034685,-15367.360362161395
07:44,8129.267448424279,-7143.896843532775,-15349.525223268369
07:45,8330.037097956261,-6955.17377830231,-15328.365487181327
07:46,8529.003155243783,-6764.944799775059,-15303.885654516513
07:47,8726.12249417082,-6573.251058873941,-15276.090943914689
07:48,8921.352385558992,-6380.134025191258,-15244.987290992378
07:49,9114.650506402251,-6185.635478100998,-15210.581347143128
07:50,9305.97494904397,-5989.797497779291,-15172.880478179897
07:51,9495.284230237907,-5792.662456186013,-15131.892762830581
07:52,9682.537300133177,-5594.273007971122,-15087.626991079007
07:53,9867.693551183655,-5394.67208130153,-15040.092662350211
07:54,10050.71282693496,-5193.90286866091,-14989.299983550249
07:55,10231.555430741804,-4992.00881756329,-14935.259866949236
07:56,10410.182134379453,-4789.033621221148,-14877.98392791534
07:57,10586.554186560441,-4585.021209155004,-14817.484482496804
07:58,10760.633321343998,-4380.015737758153,-14753.774544856653
07:59,10932.381766461438,-4174.061580792371,-14686.867824550449
08:00,11101.76225152147,-3967.2033198506283,-14616.778723661062
08:01,11268.73801611022,-3759.4857347743978,-14543.522333785058
08:02,11433.272817800505,-3550.9537940097443,-14467.114432862842
08:03,11595.33094003797,-3341.652644931643,-14387.571481868346
08:04,11754.877199920149,-3131.627604129396,-14304.910621348692
08:05,11911.876955872438,-2920.9241476351012,-14219.149667813923
08:06,12066.29611518923,-2709.587901149718,-14130.307109990183
08:07,12218.101141486868,-2497.6646301907163,-14038.402104914596
08:08,12367.259062018706,-2285.2002302414617,-13943.454473895188
08:09,12513.737474880367,-2072.240716849458,-13845.484698323673
08:10,12657.504556096197,-1858.8322157035025,-13744.513915341882
08:11,12798.52906657748,-1645.020952682882,-13640.563913371876
08:12,12936.780358955768,-1430.853243892134,-13533.65712750491
08:13,13072.228384308373,-1216.3754856421263,-13423.816634737546
08:14,13204.843698736211,-1001.6341444446052,-13311.066149083126
08:15,13334.597469823522,-786.6757469749136,-13195.430016537332
08:16,13461.461482971361,-571.5468700075305,-13076.93320990308
08:17,13585.408147590539,-356.2941303598398,-12955.601323486364
08:18,13706.410503167792,-140.96417480696576,-12831.460567652131
08:19,13824.442225201628,74.39633000789414,-12704.537763241267
08:20,13939.477630999134,289.74070767912633,-12574.860335857456
08:21,14051.491685331635,505.02228213138164,-12442.456310026559
08:22,14160.460005961126,720.1943877321535,-12307.354303215503
08:23,14266.358869023219,935.2103794048528,-12169.583519724847
08:24,14369.16521426719,1150.0236427224925,-12029.173744456497
08:25,14468.856650160018,1364.5876040298403,-11886.155336545047
08:26,14565.411458848886,1578.8557405408412,-11740.559222860975
08:27,14658.808600963352,1792.7815904140646,-11592.416891410961
08:28,14749.027720295695,2006.3187628523883,-11441.760384581836
08:29,14836.049148318281,2219.4209481736375,-11288.622292283098
08:30,14919.853908556994,2432.041927848857,-11133.03574496843
08:31,15000.423720824936,2644.135584577578,-10975.034406514833
08:32,15077.741005291087,2855.6559122744916,-10814.652467017802
08:33,15151.788886407945,3066.557026090784,-10651.924635445848
08:34,15222.551196689474,3276.79317239211,-10486.886132180458
08:35,15290.01248032984,3486.318738705903,-10319.572681453106
08:36,15354.15799667346,3695.088263660209,-10150.020503657604
08:37,15414.973723526455,3903.056446867831,-9978.266307565533
08:38,15472.446360316733,4110.178158804906,-9804.347282418285
08:39,15526.56333109584,4316.408450628063,-9628.301089924873
08:40,15577.31278738432,4521.702563991191,-9450.165856138974
08:41,15624.683610860082,4726.0159407885485,-9269.98016324527
08:42,15668.665415886544,4929.3042328802485,-9087.78304123667
08:43,15709.24855188432,5131.5233117635435,-8903.613959492033
08:44,15746.42410554061,5332.629278209807,-8717.512818253672
08:45,15780.183902858507,5532.578471841647,-8529.519940014798
08:46,15810.520511048198,5731.327480672225,-8339.676060800291
08:47,15837.427240254647,5928.833150599558,-8148.022321352172
08:48,15860.898145120245,6125.052594813645,-7954.600258253056
08:49,15880.928026190508,6319.943203195052,-7759.4517949173405
08:50,15897.512431153786,6513.462651623198,-7562.619232522469
08:51,15910.647655917226,6705.568911228666,-7364.145240854789
08:52,15920.330745520938,6896.220257611761,-7164.072849042574
08:53,15926.559494886124,7085.375279951053,-6962.445436251441
08:54,15929.332449400032,7272.992890079369,-6759.306722269611
08:55,15928.64890533677,7459.032331487027,-6554.700758016652
08:56,15924.50891011014,7643.4531882496885,-6348.671915988999
08:57,15916.913262367903,7826.215393876842,-6141.264880625765
08:58,15905.86351191283,8007.279240108282,-5932.524638596575
08:59,15891.361959465912,8186.605385607058,-5722.496469034437
09:00,15873.411656258497,8364.154864593424,-5511.225933693538
09:01,15852.016403463991,8539.88909539274,-5298.758867035397
09:02,15827.180751458734,8713.76988890683,-5085.141366258578
09:03,15798.909998924906,8885.759456982876,-4870.419781276062
09:04,15767.21019177971,9055.820420721542,-4654.64070461947
09:05,15732.088121948216,9223.915818676742,-4437.8509612935295
09:06,15693.551325964778,9390.009114974482,-4220.097598583476
09:07,15651.608083413124,9554.064207340822,-4001.42787579738
09:08,15606.267415198956,9716.045435040895,-3781.88925395725
09:09,15557.539081665145,9875.917586697777,-3561.529385477044
09:10,15505.43358053675,10033.645908046075,-3340.396103745176
09:11,15449.962144702937,10189.196109568946,-3118.537412705236
09:12,15391.136739842208,10342.534374032175,-2896.0014763781105
09:13,15328.970061875158,10493.627363931746,-2672.836608341112
09:14,15263.47553426524,10642.442228816897,-2449.091261187247
09:15,15194.667305154568,10788.946612513359,-2224.814015953403
09:16,15122.56024433375,10933.10866025149,-2000.0535714937762
09:17,15047.169940060146,11074.897025666512,-1774.8587338493362
09:18,14968.512695708936,11214.280877700689,-1549.2784055829472
09:19,14886.605526271991,11351.229907384357,-1323.361575084198
09:20,14801.46615469072,11485.714334510716,-1097.1573058690303
09:21,14713.113008044566,11617.70491417953,-870.7147258522748
09:22,14621.565213563657,11747.172943248594,-644.083016597108
09:23,14526.842594505037,11874.090266640424,-417.31140255801796
09:24,14428.965665860125,11998.429283545996,-190.4491403213558
09:25,14327.95562991985,12120.162953493404,36.45449217842931
09:26,14223.834371674197,12239.264802307845,263.35020644180196
09:27,14116.624454075874,12355.708927928234,490.1887141820577
09:28,14006.349113130633,12469.470006123496,716.9207381308214
09:29,13893.0322528639,12580.523296051884,943.4970228072389
09:30,13776.69844011982,12688.844645713027,1169.8683453098135
09:31,13657.372899219567,12794.41049726238,1395.9855260915508
09:32,13535.081506472792,12897.197892194803,1621.7994397299815
09:33,13409.85078454769,12997.184476393255,1847.2610256756823
09:34,13281.70789668904,13094.34850504962,2072.32129901158
09:35,13150.680640796334,13188.66884745052,2296.931361171908
09:36,13016.797443374564,13280.124991614286,2521.0424106427445
09:37,12880.087353320216,13368.697048812171,2744.605753665889
09:38,12740.580035591232,13454.365757933088,2967.5728148951166
09:39,12598.305764725696,13537.112489721823,3189.895148037042
09:40,12453.295418235482,13616.919250867693,3411.524446461988
09:41,12305.580469855404,13693.768687961756,3632.4125537859063
09:42,12155.192982673747,13767.6440913018,3852.5114744106977
09:43,12002.165602117333,13838.52939856422,4071.7733840443916
09:44,11846.531548810324,13906.40919833075,4290.15064017654
09:45,11688.324611326165,13971.268733458983,4507.595792494753
09:46,11527.579138775585,14033.09390432853,4724.061593299124
09:47,11364.33003330611,14091.8712719229,4939.501007831153
09:48,11198.612742462099,14147.58806077493,5153.8672245721455
09:49,11030.463251418883,14200.232161763246,5367.113665506787
09:50,10859.918075115596,14249.792134758109,5579.19399630311
09:51,10687.01425025737,14296.257211121194,5790.0621364628805
09:52,10511.789327214756,14339.617296056302,5999.672269391492
09:53,10334.281361755307,14379.862970819868,6207.978852483156
09:54,10154.528906787627,14416.985494753066,6414.936626993413
09:55,9972.57100385977,14450.976807199253,6620.500628006072
09:56,9788.447174624855,14481.82952924901,6824.626194251987
09:57,9602.197412182713,14509.536965340596,7027.268977877057
09:58,9413.862172321984,14534.093104706442,7228.384954140109
09:59,9223.482364653313,14555.49262267277,7427.930431038401
10:00,9031.099343652859,14573.730881800811,7625.862058858656
10:01,8836.754899599215,14588.803932882705,7822.136839649836
10:02,8640.491249416755,14600.708515778853,8016.71213662635
10:03,8442.351027436816,14609.442060108378,8209.545683467588
10:04,8242.377276048825,14615.002685783142,8400.595593563288
10:05,8040.613436272475,14617.389203389885,8589.820369160054
10:06,7837.103338254234,14616.601114422505,8777.178910406423
10:07,7631.891191649959,14612.638611357504,8962.63052434385
10:08,7425.0215759531375,14605.502577581514,9146.134933771673
10:09,7216.539430739374,14595.194587160619,9327.652286033841
10:10,7006.490045803662,14581.716904462932,9507.143161724473
10:11,6794.919051265452,14565.072483627084,9684.56858326426
10:12,6581.8724075723485,14545.264967876381,9859.890023404894
10:13,6367.39639542785,14522.298688683331,10033.069413631025
10:14,6151.537605677535,14496.178664782916,10204.069152440792
10:15,5934.342929099372,14466.910601035115,10372.852113541101
10:16,5715.859546153193,14434.500887131762,10539.38165392871
10:17,5496.134916646386,14398.95659616102,10703.621621864828
10:18,5275.216769361944,14360.28548301269,10865.536364740092
10:19,5053.153091608014,14318.495982643184,11025.090736827146
10:20,4829.992118727187,14273.59720817972,11182.250106927493
10:21,4605.782323572317,14225.598948893812,11336.9803658733
10:22,4380.572405832393,14174.511667994762,11489.247933995139
10:23,4154.411281478199,14120.3465003177,11639.01976834711
10:24,3927.3480720311977,14063.11524983165,11786.263369911752
10:25,3699.4320938226356,14002.830387013279,11930.946790652422
10:26,3470.712847221223,13939.50504607248,12073.038640442546
10:27,3241.2400058363514,13873.153022038454,12212.508093861432
10:28,3011.0634056508484,13803.788767693404,12349.324896884702
10:29,2780.233034142385,13731.427390365163,12483.459373437678
10:30,2548.7990193836254,13656.084648584707,12614.882431810645
10:31,2316.811619079616,13577.776948586556,12743.565570969507
10:32,2084.3212096131406,13496.521340683033,12869.480886710819
10:33,1851.3782750602961,13412.335515491119,12992.601077695535
10:34,1618.0333961531844,13325.23780001626,13112.899451357609
10:35,1384.3372392732906,13235.247153607621,13230.349929660002
10:36,1150.3405453905712,13142.383163767967,13344.927054729256
10:37,916.0941190058802,13046.666041830002,13456.605994347576
10:38,681.6488170769093,12948.116618497244,13565.362547307763
10:39,447.05553793491714,12846.756339250262,13671.173148629116
10:40,212.3652101987382,12742.607259619665,13774.014874633145
10:41,-22.371218322801532,12635.692040326263,13873.865447878865
10:42,-257.1027917166258,12526.033942294205,13970.703241952093
10:43,-491.77855707172426,12413.656821526074,14064.507286119242
10:44,-726.3475755610182,12298.58512385758,14155.257269829332
10:45,-960.758933527935,12180.843879581542,14242.9335470742
10:46,-1194.9617535702341,12060.458697942075,14327.517140605441
10:47,-1428.9052055999166,11937.455761511701,14408.989745998528
10:48,-1662.5385178956649,11811.861820440858,14487.333735573067
10:49,-1895.8109881484734,11683.704186581159,14562.532162167086
10:50,-2128.67199448832,11553.010727489527,14634.568762760158
10:51,-2361.0710064647096,11419.809860325126,14703.42796194082
10:52,-2592.9575960539128,11284.130545602706,14769.094875237031
10:53,-2824.2814485927706,11146.002280854605,14831.555312282262
10:54,-3054.992373711567,11005.455094165101,14890.795779836246
10:55,-3285.0403162376797,10862.519537588434,14946.803484654722
10:56,-3514.375367063158,10717.226680457963,14999.566336204183
10:57,-3742.947773966945,10569.608102590717,15049.072949221512
10:58,-3970.707952419822,10419.695887371776,15095.31264612377
10:59,-4197.60649634437,10267.522614734478,15138.27545926187
11:00,-4423.594188815716,10113.121354044095,15177.952133018212
11:01,-4648.62201276013,9956.525656853784,15214.334125753847
11:02,-4872.641161565595,9797.769549580977,15247.41361159554
11:03,-5095.603049660548,9636.887526076165,15277.18348206804
11:04,-5317.45932305456,9473.914540079933,15303.637347573724
11:05,-5538.161869809851,9308.885997595618,15326.769538712504
11:06,-5757.662830464007,9141.837749160757,15346.575107446793
11:07,-5975.914608404231,8972.80608201772,15363.04982811037
11:08,-6192.869880165355,8801.827712204004,15376.190198259044
11:09,-6408.48160567698,8628.939776544037,15385.993439365686
11:10,-6622.7030384581885,8454.179824542363,15392.457497358488
11:11,-6835.487735719635,8277.585810210552,15395.581043001157
11:12,-7046.789568426377,8099.196083785618,15395.363472117213
11:13,-7256.562731276028,7919.049383375883,15391.804905656552
11:14,-7464.761752603428,7737.184826526236,15384.906189605344
11:15,-7671.341504214475,7553.641901700261,15374.66889473937
11:16,-7876.257211151403,7368.4604596772115,15361.095316220015
11:17,-8079.464461373808,7181.680704877085,15344.188473033713
11:18,-8280.919215352975,6993.343186616737,15323.952107275707
11:19,-8480.577815594219,6803.488790284615,15300.390683276602
11:20,-8678.396996074567,6612.158728443191,15273.509386573158
11:21,-8874.333891581135,6419.39453187634,15243.314122724561
11:22,-9068.34604698746,6225.238040542804,15209.811515970232
11:23,-9260.391426415477,6029.73139448835,15173.008907735237
11:24,-9450.42842230533,5832.917024696215,15132.91435498172
11:25,-9638.415864416562,5634.837643847843,15089.536628401873
11:26,-9824.313028708159,5435.536237052914,15042.88521046038
11:27,-10008.079646124677,5235.056052515998,14992.970293284421
11:28,-10189.675911306475,5033.440592124157,14939.802776393339
11:29,-10369.062491160526,4830.733602020011,14883.394264286675
11:30,-10546.200533353654,4626.979063098539,14823.757063873112
11:31,-10721.051674701808,4422.2211814498205,14760.90418174771
11:32,-10893.578049437876,4216.50437877434,14694.849321322512
11:33,-11063.742297385954,4009.8732827339786,14625.606879802304
11:34,-11231.507572011767,3802.3727172746126,14553.191945016442
11:35,-11396.837548373156,3594.0476928969115,14477.62029209623
11:36,-11559.696430946386,3384.9433968978615,14398.908380009787
11:37,-11720.048961349004,3175.105183562156,14317.073347943835
11:38,-11877.860425939818,2964.5785643247805,14232.133011541768
11:39,-12033.096663293747,2753.409197911592,14144.105858999343
11:40,-12185.724071569883,2541.642880429713,14053.011047009246
11:41,-12335.70961574588,2329.3255354486523,13958.868396567643
11:42,-12483.02083473831,2116.503204036826,13861.698388633671
11:43,-12627.625848395091,1903.2220347846535,13761.522159647368
11:44,-12769.49336436257,1689.5282738017029,13658.36149690633
11:45,-12908.592684819036,1475.468254700136,13552.238833807169
11:46,-13044.893713089466,1261.0883885490923,13443.177244939945
11:47,-13178.366960119496,1046.4351538264439,13331.200441052722
11:48,-13308.983550827046,831.5550863453466,13216.332763871682
11:49,-13436.71523032156,616.4947691617452,13098.599180784064
11:50,-13561.534369968722,401.3008225127442,12978.025279404517
11:51,-13683.413973348801,186.01989369359399,12854.63726198193
11:52,-13802.32768205848,-29.30135303389325,12728.461939690933
11:53,-13918.24978137542,-244.61624653835483,12599.526726792863
11:54,-14031.155205800194,-459.87811895175736,12467.859634648083
11:55,-14141.019544431558,-675.0403157399604,12333.489265628285
11:56,-14247.819046217995,-890.056205822217,12196.444806882142
11:57,-14351.530625065297,-1104.879191661978,12056.756023975493
11:58,-14452.131864792787,-1319.4627193566366,11914.453254415306
11:59,-14549.601023948648,-1533.760288706971,11769.567401046555
12:00,-14643.917040481541,-1747.7254632919382,11622.12992532272
12:01,-14735.059536258756,-1961.3118805062054,11472.172840466053
12:02,-14823.008821439333,-2174.4732615999465,11319.728704503632
12:03,-14907.745898702715,-2387.163421694696,11164.830613180184
12:04,-14989.252467319573,-2599.336279771626,11007.51219276661
12:05,-15067.51092707852,-2810.945868650619,10847.807592742503
12:06,-15142.504382054849,-3021.9463449227255,10685.751478379405
12:07,-15214.216644232238,-3232.291998880499,10521.37902319928
12:08,-15282.63223696732,-3441.9372643919282,10354.725901336322
12:09,-15347.736398303758,-3650.836728769723,10185.82827977798
12:10,-15409.515084130035,-3858.9451425941324,10014.722810505014
12:11,-15467.954971177043,-4066.2174294853126,9841.44662254014
12:12,-15523.043459869443,-4272.608695865624,9666.037313869252
12:13,-15574.768677011694,-4478.074240665734,9488.532943279733
12:14,-15623.119478318924,-4682.569564982221,9308.972022100028
12:15,-15668.085450794715,-4886.050381712934,9127.393505823926
12:16,-15709.656914943556,-5088.472625127232,8943.83678565824
12:17,-15747.824926827703,-5289.7924603803485,8758.341679977133
12:18,-15782.581279964732,-5489.966293012257,8570.948425664636
12:19,-15813.918507067394,-5688.950778352024,8381.697669386831
12:20,-15841.829881616914,-5886.702830899525,8190.630458768964
12:21,-15866.309419285695,-6083.179633630613,7997.788233480183
12:22,-15887.351879187041,-6278.338647257896,7803.212816247317
12:23,-15904.952764976242,-6472.137619409052,7606.946403778964
12:24,-15919.108325780195,-6664.534593775957,7409.031557603191
12:25,-15929.81555697454,-6855.4879191695645,7209.511194830993
12:26,-15937.072200788394,-7044.956258516796,7008.428578860486
12:27,-15940.87674676036,-7232.898597797686,6805.827309969816
12:28,-15941.228432019803,-7419.274254902083,6601.7513158746015
12:29,-15938.127241415437,-7604.042888411407,6396.244842198356
12:30,-15931.573907478058,-7787.1645063185515,6189.352442869806
12:31,-15921.569910221273,-7968.599474664745,5981.1189704602375
12:32,-15908.11747678188,-8148.308526089478,5771.589566465102
12:33,-15891.219580895795,-8326.252768317185,5560.809651509225
12:34,-15870.879942216085,-8502.393692548954,5348.824915498676
12:35,-15847.103025466587,-8676.693181771436,5135.681307723195
12:36,-15819.894039434992,-8849.113518992972,4921.42502688058
12:37,-15789.258935802896,-9019.617395380921,4706.102511070106
12:38,-15755.204407820314,-9188.167918301668,4489.760427735767
12:39,-15717.737888814383,-9354.728619292679,4272.4456635352635
12:40,-15676.867550539308,-9519.263461922326,4054.205314194091
12:41,-15632.602301368162,-9681.73684956605,3835.0866742885655
12:42,-15584.951784322138,-9842.113633082245,3615.137227006537
12:43,-15533.926374943889,-10000.359118393158,3394.404633850023
12:44,-15479.537179011779,-10156.43907395746,3172.936724326734
12:45,-15421.796030093747,-10310.319738157541,2950.781485574446
12:46,-15360.715486945286,-10461.967826575506,2727.987051967035
12:47,-15296.308830754779,-10611.35053915463,2504.601694707086
12:48,-15228.590062222782,-10758.435567281438,2280.673811348501
12:49,-15157.573898494262,-10903.191100736198,2056.2519153341873
12:50,-15083.27576993689,-11045.585834539519,1831.3846254925343
12:51,-15005.711816753288,-11185.588975707335,1606.1206554964288
12:52,-14924.898885457227,-11323.170249864228,1380.5088033358431
12:53,-14840.854525180797,-11458.299907771225,1154.5979407474194
12:54,-14753.596983843043,-11590.948731719332,928.4370026393597
12:55,-14663.145204157514,-11721.08804182131,702.0749765007668
12:56,-14569.518819499928,-11848.689702172544,475.5608918108746
12:57,-14472.738149611687,-11973.72612691421,248.94380941443762
12:58,-14372.82419617509,-12096.170286149674,22.27281092652707
12:59,-14269.798638225924,-12215.995711761001,-204.40301189212343
13:00,-14163.683827425095,-12333.176503096054,-431.03456775028104
13:01,-14054.502783188564,-12447.687332528456,-657.5727764416005
13:02,-13942.279187666334,-12559.503450901198,-883.9685794563375
13:03,-13827.037380588024,-12668.600692833757,-1110.1729505852081
13:04,-13708.80235395327,-12774.955481916799,-1336.1369065254414
13:05,-13587.599746600981,-12878.544835759576,-1561.8115174500028
13:06,-13463.45583862092,-12979.346370926163,-1787.1479175968936
13:07,-13336.397545633736,-13077.338307734804,-2012.097315827603
13:08,-13206.452412946193,-13172.499474917286,-2236.6110061504805
13:09,-13073.648609544889,-13264.809314166627,-2460.6403782678703
13:10,-12938.014921985998,-13354.247884528771,-2684.1369280505633
13:11,-12799.58074813412,-13440.795866673792,-2907.0522680228487
13:12,-12658.376090766873,-13524.434567034408,-3129.33813781864
13:13,-12514.43155106276,-13605.14592180055,-3350.946414586727
13:14,-12367.778321962032,-13682.912500774642,-3571.8291233783184
13:15,-12218.448181376483,-13757.71751110746,-3791.9384475166553
13:16,-12066.473485308346,-13829.54480087233,-4011.2267388985333
13:17,-11911.887160815115,-13898.378862521859,-4229.646528283284
13:18,-11754.722698876525,-13964.204836185887,-4447.150535531785
13:19,-11595.014147118916,-14027.00851284814,-4663.691679804516
13:20,-11432.796102441482,-14086.776337364156,-4879.223089715288
13:21,-11268.103703506762,-14143.495411353373,-5093.698113438299
13:22,-11100.972623130394,-14197.153495936784,-5307.070328766195
13:23,-10931.439060545537,-14247.739014341374,-5519.293553117361
13:24,-10759.539733565383,-14295.24105435405,-5730.321853488059
13:25,-10585.311870618854,-14339.649370640553,-5940.109556359494
13:26,-10408.793202695475,-14380.95438691107,-6148.611257534947
13:27,-10230.021955205273,-14419.147197941218,-6355.781831885246
13:28,-10049.036839636801,-14454.21957146772,-6561.576443149503
13:29,-9865.877045238467,-14486.163949911352,-6765.950553520812
13:30,-9680.58223051643,-14514.9734519717,-6968.859933266385
13:31,-9493.192514654276,-14540.641874072515,-7170.260670250791
13:32,-9303.748468851341,-14563.163691658134,-7370.109179373975
13:33,-9112.291107529465,-14582.534060349644,-7568.362211974583
13:34,-8918.86187948176,-14598.748816948677,-7764.976865122783
13:35,-8723.502658913794,-14611.804480298326,-7959.910590852545
13:36,-8526.25573638447,-14621.698251995665,-8153.121205330288
13:37,-8327.163809679203,-14628.42801696063,-8344.566897914787
13:38,-8126.269974585392,-14631.992343853195,-8534.206240158599
13:39,-7923.617715583198,-14632.390485347978,-8721.998194718557
13:40,-7719.25089646069,-14629.622378261138,-8907.902124176528
13:41,-7513.213750847054,-14623.688643528429,-9091.877799779279
13:42,-7305.550872654732,-14614.590586039772,-9273.885410094927
13:43,-7096.307206465078,-14602.330194324531,-9453.885569565788
13:44,-6885.528037838837,-14586.910140092996,-9631.839326967793
13:45,-6673.258983536009,-14568.333777628206,-9807.708173795034
13:46,-6459.545981681795,-14546.605143036035,-9981.454052528941
13:47,-6244.435281867267,-14521.728953343572,-10153.039364818118
13:48,-6027.973435171458,-14493.710605459626,-10322.42697955608
13:49,-5810.20728412626,-14462.556174981233,-10489.58024086587
13:50,-5591.183952635002,-14428.272414863302,-10654.462975962471
13:51,-5370.950835804701,-14390.86675393734,-10817.039502935575
13:52,-5149.555589733702,-14350.3472952884,-10977.274638414669
13:53,-4927.046121265749,-14306.722814490473,-11135.13370511431
13:54,-4703.4705776302835,-14260.002757688479,-11290.582539311661
13:55,-4478.877336155399,-14210.197239560699,-11443.58749812888
13:56,-4253.314993759063,-14157.317041104892,-11594.115466822659
13:57,-4026.832356538834,-14101.373607309308,-11742.133865862237
13:58,-3799.4784292541126,-14042.379044669933,-11887.610657936233
13:59,-3571.302404784626,-13980.346118573289,-12030.514354828132
14:00,-3342.3536535395187,-13915.288250532958,-12170.814024184507
14:01,-3112.6817128345538,-13847.219515289235,-12308.479296158923
14:02,-2882.3362762448314,-13776.154637771664,-12443.480369930523
14:03,-2651.3671828948063,-13702.108989917335,-12575.788020115304
14:04,-2419.824406749653,-13625.098587356983,-12705.373603039407
14:05,-2187.7580458762077,-13545.14008596565,-12832.209062888356
14:06,-1955.2183116520084,-13462.250778268848,-12956.266937744733
14:07,-1722.2555179779395,-13376.44858972126,-13077.520365484757
14:08,-1488.9200704554462,-13287.752074848724,-13195.943089551838
14:09,-1255.2624555483674,-13196.180413251335,-13311.509464605371
14:10,-1021.3332297346917,-13101.753405485706,-13424.194462026368
14:11,-787.1830086371274,-13004.491468802606,-13533.97367530528
14:12,-552.8624561302119,-12904.415632758819,-13640.823325292331
14:13,-318.42227346439745,-12801.547534700145,-13744.720265310934
14:14,-83.91318836032163,-12695.909415114536,-13845.641986138915
14:15,150.61405589560957,-12587.524112852783,-13943.5666208572
14:16,385.10871135747254,-12476.415060229834,-14038.472949554569
14:17,619.5200363185867,-12362.606277996056,-14130.340403898941
14:18,853.797306232077,-12246.122370179573,-14219.149071572932
14:19,1087.8898246092313,-12126.988518808299,-14304.879700566424
14:20,1321.7469339109264,-12005.230478513313,-14387.513703325942
14:21,1555.3180264407297,-11880.87457100274,-14467.033160768784
14:22,1788.5525552229597,-11753.947679418683,-14543.420826152269
14:23,2021.4000448618192,-11624.477242579102,-14616.660128797312
14:24,2253.8101024070743,-11492.491249088162,-14686.735177676761
14:25,2485.7324281786023,-11358.018231343149,-14753.630764850699
14:26,2717.1168265700685,-11221.087259426495,-14817.33236875778
14:27,2947.9132168607,-11081.727934867651,-14877.826157367768
14:28,3178.0716439750217,-10939.970384306147,-14935.098991180816
14:29,3407.54228921627,-10795.845253044115,-14989.138426079995
14:30,3636.275481007518,-10649.383698466303,-15039.932716044226
14:31,3864.2217055460364,-10500.617383384473,-15087.470815700566
14:32,4091.33161746764,-10349.578469249664,-15131.74238273679
14:33,4317.556050466083,-10196.299609261461,-15172.737780163603
14:34,4542.846027865794,-10040.81394138037,-15210.448078424193
14:35,4767.152773169533,-9883.155081226143,-15244.86505735675
14:36,4990.427720548531,-9723.35711488562,-15275.98120800339
14:37,5212.6225253032735,-9561.454591608881,-15303.789734271006
14:38,5433.689074266096,-9397.482516416121,-15328.284554438513
14:39,5653.579496172022,-9231.476342594373,-15349.460302514644
14:40,5872.246171963442,-9063.471964109924,-15367.312329441733
14:41,6089.641745051983,-8893.505707919214,-15381.836704148267
14:42,6305.719131519035,-8721.61432619139,-15393.030214448694
14:43,6520.431530270376,-8547.834988432169,-15400.890367790598
14:44,6733.732433117483,-8372.205273528509,-15405.415391848586
14:45,6945.575634812075,-8194.763161694294,-15406.604234965696
14:46,7155.915243021645,-8015.547026325592,-15404.456566440846
14:47,7364.705688205478,-7834.595625800386,-15398.97277666336
14:48,7571.901733473555,-7651.948095152792,-15390.15397709393
14:49,7777.458484341802,-7467.643937694909,-15378.00200009193
14:50,7981.331398419103,-7281.723016557173,-15362.519398590028
14:51,8183.476295053215,-7094.225546120591,-15343.70944561307
14:52,8383.849364850123,-6905.192083420227,-15321.576133646511
14:53,8582.407179153213,-6714.663519439829,-15296.124173849776
14:54,8779.106699439299,-6522.681070337019,-15267.358995115486
14:55,8973.905286621715,-6329.2862686082435,-15235.286742977192
14:56,9166.76071027658,-6134.520954178793,-15199.914278363389
14:57,9357.631157788912,-5938.427265420596,-15161.249176197423
14:58,9546.475243400957,-5741.0476301139915,-15119.299723847198
14:59,9733.252017176877,-5542.4247563416575,-15074.074919421371
15:00,9917.920973882965,-5342.601623313544,-15025.584469911893
15:01,10100.4420617701,-5141.621472135889,-14973.838789185718
15:02,10280.775691252806,-4939.527796533491,-14918.848995827126
15:03,10458.88274350826,-4736.364333494583,-14860.626910825607
15:04,10634.724578966334,-4532.175053876776,-14799.185055114176
15:05,10808.263045698684,-4327.004152958331,-14734.536646959461
15:06,10979.460487713406,-4120.8960409329065,-14666.695599198269
15:07,11148.279753149895,-3913.895333347316,-14595.676516323358
15:08,11314.684202340555,-3706.0468415293917,-14521.49469143093
15:09,11478.637715799261,-3497.3955629272414,-14444.166103007028
15:10,11640.104702086426,-3287.9866714262494,-14363.707411570407
15:11,11799.050105555096,-3077.865507630086,-14280.13595617402
15:12,11955.439414002942,-2867.0775690887235,-14193.469750748762
15:13,12109.238666195946,-2655.668500496764,-14103.72748031053
15:14,12260.414459272944,-2443.684083872212,-14010.928497022753
15:15,12408.933956051686,-2231.1702286696973,-13915.092816104525
15:16,12554.764892197676,-2018.17296189195,-13816.24111160481
15:17,12697.875583279152,-1804.7384181614013,-13714.394712030136
15:18,12838.234931703764,-1590.91282976058,-13609.575595827067
15:19,12975.81243352154,-1376.742516660136,-13501.80638673037
15:20,13110.578185107881,-1162.2738765217398,-13391.11034896708
15:21,13242.502889725078,-947.5533746679606,-13277.511382316643
15:22,13371.557863944605,-732.6275340527444,-13161.034017040998
15:23,13497.715043950175,-517.5429251971777,-13041.703408668222
15:24,13620.946991698753,-302.3461561319455,-12919.545332648635
15:25,13741.226900954623,-87.08386231638097,-12794.586178870975
15:26,13858.528603192475,128.19730345415175,-12666.852946040146
15:27,13972.826573361912,343.4506811513354,-12536.373235924062
15:28,14084.095935505642,558.6296135935206,-12403.17524747943
15:29,14192.312468260443,773.6874565760462,-12267.287770822279
15:30,14297.452610197512,988.5775889585188,-12128.740181092697
15:31,14399.49346503194,1203.2534227719768,-11987.562432179739
15:32,14498.412806692215,1417.6684133233155,-11843.785050315704
15:33,14594.189084243075,1631.776069291241,-11697.43912754781
15:34,14686.801426660246,1845.5299628033408,-11548.556315091044
15:35,14776.229647466229,2058.88373952185,-11397.168816547195
15:36,14862.454249216767,2271.791128703884,-11243.309381005984
15:37,14945.456427835621,2484.205953245062,-11087.01129603143
15:38,15025.21807681056,2696.0821397282366,-10928.308380510785
15:39,15101.721791226677,2907.373728423817,-10767.234977408149
15:40,15174.950871655992,3118.034883282275,-10603.825946389947
15:41,15244.889327896622,3328.019901913878,-10438.11665632987
15:42,15311.521882554322,3537.2832255239614,-10270.142977711803
15:43,15374.833974472129,3745.779448834338,-10099.941274914534
15:44,15434.811762005405,3953.4633299662755,-9927.548398388724
15:45,15491.442126143906,4160.289800301197,-9753.001676717091
15:46,15544.712673469594,4366.213974288624,-9576.33890858771
15:47,15594.611738966709,4571.1911592436545,-9397.598354636402
15:48,15641.128388670508,4775.176865088064,-9216.818729197372
15:49,15684.252422151367,4978.126814044906,-9034.039191965914
15:50,15723.974374851628,5179.996950315764,-8849.299339527584
15:51,15760.285520249972,5380.743449688005,-8662.639196822332
15:52,15793.177871873277,5580.322729097658,-8474.0992084984
15:53,15822.644185146177,5778.691456165954,-8283.720230158051
15:54,15848.677959075543,5975.80655865026,-8091.543519538059
15:55,15871.273437775035,6171.625233868932,-7897.6107275773475
15:56,15890.42561182865,6366.104958052367,-7701.9638894043
15:57,15906.130219487926,6559.203495648702,-7504.645415233861
15:58,15918.383747706179,6750.878908557077,-7305.698081188625
15:59,15927.183433012571,6941.089565315832,-7105.1650200137365
16:00,15932.527262216036,7129.794150206071,-6903.089711741159
16:01,15934.413972951215,7316.951672299466,-6699.515974251802
16:02,15932.843054052157,7502.521474444486,-6494.487953769698
16:03,15927.81474577032,7686.463242163054,-6288.050115279529
16:04,15919.330039817161,7868.737012497256,-6080.247232871226
16:05,15907.390679252605,8049.303182756572,-5871.124380015297
16:06,15891.999158195773,8228.12251922133,-5660.726919759698
16:07,15873.15872138396,8405.15616572211,-5449.100494884445
16:08,15850.873363553776,8580.365652187082,-5236.2910179594355
16:09,15825.147828666566,8753.712903071104,-5022.344661362678
16:10,15795.98760896074,8925.160245717381,-4807.30784723711
16:11,15763.398943846343,9094.670418626503,-4591.2272373764035
16:12,15727.388818627836,9262.206579644717,-4374.149723061737
16:13,15687.964963068369,9427.732314042076,-4156.122414863824
16:14,15645.135849783715,9591.211642528131,-3937.192632353772
16:15,15598.91069247426,9752.609029149446,-3717.407893805449
16:16,15549.29944399694,9911.88938909389,-3496.815905834845
16:17,15496.312794264482,10069.018096416632,-3275.4645529799855
16:18,15439.962167991145,10223.960991638784,-3053.4018872714064
16:19,15380.259722267292,10376.684389267306,-2830.676117737824
16:20,15317.218343979468,10527.155085196107,-2607.3355998849784
16:21,15250.851647060585,10675.340364014754,-2383.4288251381736
16:22,15181.173969585334,10821.208006200972,-2159.0044102525712
16:23,15108.200370701068,10964.726295210485,-1934.1110866936813
16:24,15031.946627400112,11105.864024454788,-1708.7976899903567
16:25,14952.429231132608,11244.590504167289,-1483.1131490628513
16:26,14869.665384258322,11380.875568159463,-1257.1064755282002
16:27,14783.67299634548,11514.689580455646,-1030.8267529855123
16:28,14694.470680307286,11646.003441818286,-804.3231262834822
16:29,14602.07774838565,11774.788596150594,-577.6447907743975
16:30,14506.514207972888,11901.017036788566,-350.8409815447991
16:31,14407.8007572941,12024.661312652072,-123.96096266201936
16:32,14305.958780915355,12145.694534300712,102.94598362045778
16:33,14201.010345112523,12264.090379848141,329.8305676473443
16:34,14092.978193090146,12379.82310075055,556.6435031313717
16:35,13981.885740036945,12492.867527482793,783.3355179656975
16:36,13867.757068045854,12603.199075071328,1009.8573649923151
16:37,13750.616920880848,12710.793748504111,1236.1598327835968
16:38,13630.490698585403,12815.628148020178,1462.1937564344353
16:39,13507.404451967946,12917.67947424655,1687.9100283031105
16:40,13381.38487692141,13016.92553322126,1913.2596087839975
16:41,13252.459308609037,13113.344741274814,2138.1935370381125
16:42,13120.655715504578,13206.91612977874,2362.6629417191107
16:43,12986.002693303111,13297.619349748766,2586.619051667969
16:44,12848.52945866817,13385.434676330811,2810.0132066103074
16:45,12708.265842863804,13470.343013129774,3032.7968678053176
16:46,12565.242285244303,13552.325896405968,3254.921628668343
16:47,12419.489826601723,13631.365499132966,3476.3392253885236
16:48,12271.040102384106,13707.444634914995,3697.0015474910138
16:49,12119.925335786556,13780.546761756035,3916.8606483756953
16:50,11966.178330702798,13850.65598569532,4135.8687558163465
16:51,11809.83246455196,13917.757064292115,4353.978282431253
16:52,11650.921680987805,13981.835409965739,4571.1418360876005
16:53,11489.480482463987,14042.877093196706,4787.312230294551
16:54,11325.543922683773,14100.868845578809,5002.44249453526
16:55,11159.147598941885,14155.798062719256,5216.485884534349
16:56,10990.327644317964,14207.652807000775,5429.395892514791
16:57,10819.120719775256,14256.421810190373,5641.12625736214
16:58,10645.564006137336,14302.09447589812,5851.630974752185
16:59,10469.695195948065,14344.660881892318,6060.864307212731
17:00,10291.552485177854,14384.111782267859,6268.780794187698
17:01,10111.174564930203,14420.438609446694,6475.335261888481
17:02,9928.600612917468,14453.633476049641,6680.482833244738
17:03,9743.870284889275,14483.689176607671,6884.178937704415
17:04,9557.02370595716,14510.599189119333,7086.379320973627
17:05,9368.101461785749,14534.357676466734,7287.040054707731
17:06,9177.144589714582,14554.95948766856,7486.117546107321
17:07,8984.19456977414,14572.400158986842,7683.568547439427
17:08,8789.293315583975,14586.675914882911,7879.350165504424
17:09,8592.483165185135,14597.78366881744,8073.419870994416
17:10,8393.806871753875,14605.721023902466,8265.735507793017
17:11,8193.307594241749,14610.486273394929,8456.255302182282
17:12,7991.028887922364,14612.078401044206,8644.937871958222
17:13,7787.014694855839,14610.49708128182,8831.7422354648
17:14,7581.3093342519305,14605.742679263454,9016.627820545275
17:15,7373.957492777615,14597.816250751766,9199.554473388911
17:16,7165.004214762405,14586.719541855706,9380.482467289992
17:17,6954.494892334294,14572.454988609325,9559.372511316802
17:18,6742.475255487941,14555.025716402944,9736.185758870553
17:19,6528.991362072424,14534.435539262,9910.88381615215
17:20,6314.089587702714,14510.688958972858,10083.428750533198
17:21,6097.816615609547,14483.791164057448,10253.783098818214
17:22,5880.219426427626,14453.748028599633,10421.90987539573
17:23,5661.345287914996,14420.56611091499,10587.772580294612
17:24,5441.241744604393,14384.252652076315,10751.335207126736
17:25,5219.956607414059,14344.815574286533,10912.562250913294
17:26,4997.537943174523,14302.263479099449,11071.418715817075
17:27,4774.034064137705,14256.605645499336,11227.870122732644
17:28,4549.493517367062,14207.852027815125,11381.88251681358
17:29,4323.965074188632,14156.0132535124,11533.422474801077
17:30,4097.4977194840285,14101.100620814632,11682.457112313165
17:31,3870.140641008064,14043.126096190394,11828.95409096808
17:32,3641.9432186133636,13982.102311685036,11972.881625416352
17:33,3412.955013490865,13918.042562118015,12114.208490217245
17:34,3183.225757332476,13850.96080212834,12252.904026613802
17:35,2952.805341466538,13780.871643074146,12388.938149180589
17:36,2721.7438059690385,13707.790349795328,12522.281352334629
17:37,2490.091328732791,13631.7328372269,12652.904716728486
17:38,2257.8982145236205,13552.715666876911,12780.779915503052
17:39,2025.2148840018385,13470.756043159945,12905.879220415642
17:40,1792.0918627196702,13385.871809590759,13028.1755078355
17:41,1558.5797700942915,13298.081444838308,13147.642264606458
17:42,1324.7293083799877,13207.404058644717,13264.25359376911
17:43,1090.5912516013068,13113.859387602113,13377.984220155231
17:44,856.2164344958557,13017.467790800476,13488.809495835118
17:45,621.6557414260368,12918.250245332685,13596.705405436345
17:46,386.9600953018449,12816.22834167288,13701.648571314554
17:47,152.18044647905984,12711.424278915174,13803.616258591352
17:48,-82.63223834623247,12603.860859879263,13902.586380050994
17:49,-317.4269872093395,12493.561486101864,13998.537500879216
17:50,-552.1528340000427,12380.55015267491,14091.448843281378
17:51,-786.7588295417698,12264.85144297114,14181.300290941073
17:52,-1021.1940526769918,12146.490523242706,14268.07239333441
17:53,-1255.407621364578,12025.493137077183,14351.746369910825
17:54,-1489.3487037242082,11901.885599754787,14432.304114107317
17:55,-1722.9665290959408,11775.694792465003,14509.728197228756
17:56,-1956.2103990895714,11646.948156400942,14584.001872178533
17:57,-2189.029698594048,11515.673686741686,14655.109077034975
17:58,-2421.373906781047,11381.899926510627,14723.034438480576
17:59,-2653.1926080830126,11245.655960313417,14787.763275082534
18:00,-2884.4355031424407,11106.971407966443,14849.281600417326
18:01,-3115.0524197312634,10965.876418007512,14907.576126046488
18:02,-3344.9933236531597,10822.401661087544,14962.634264341494
18:03,-3574.2083296047376,10676.578323254558,15014.444131153767
18:04,-3802.647711993491,10528.438099132982,15062.99454832933
18:05,-4030.2619157372237,10378.013184983018,15108.275046073444
18:06,-4257.001567010827,10225.336271659098,15150.275865159048
18:07,-4482.8174839539315,10070.440537463295,15188.987958979627
18:08,-4707.660687331698,9913.359640894534,15224.402995448252
18:09,-4931.482411179876,9754.12771327634,15256.5133587438
18:10,-5154.2341133352065,9592.779351326735,15285.312150893447
18:11,-5375.867485987179,9429.349609581202,15310.793193208347
18:12,-5596.33446613332,9263.873992746616,15332.951027557614
18:13,-5815.587245987402,9096.388447955007,15351.780917486794
18:14,-6033.57828334692,8926.929356909364,15367.278849181657
18:15,-6250.260311881741,8755.53352795209,15379.441532272798
18:16,-6465.586351358799,8582.238188044368,15388.266400484084
18:17,-6679.509717827989,8407.080974636854,15393.751612125378
18:18,-6891.9840337165115,8230.099927472846,15395.896050426803
18:19,-7102.963237865418,8051.33348029802,15394.699323716732
18:20,-7312.40159550131,7870.820452481635,15390.161765442535
18:21,-7520.253708121917,7688.600040567337,15382.284434034536
18:22,-7726.474523314797,7504.71180973769,15371.069112613248
18:23,-7931.019344504279,7319.195685196414,15356.51830853961
18:24,-8133.843840617301,7132.091943475673,15338.635252808415
18:25,-8334.90405565825,6943.441203678486,15317.42389928635
18:26,-8534.156418213413,6753.28441863829,15292.888923792749
18:27,-8731.557750869202,6561.662866007754,15265.035723024703
18:28,-8927.065279532362,6368.618139290763,15233.870413327786
18:29,-9120.63664268613,6174.192138783189,15199.399829308
18:30,-9312.229900523856,5978.427062480648,15161.631522293175
18:31,-9501.803544016166,5781.365396896515,15120.57375863643
18:32,-9689.316503870024,5583.049907834543,15076.23551786662
18:33,-9874.7281593996,5383.523631091666,15028.6264906844
18:34,-10057.998347286119,5182.829863119794,14977.757076807202
18:35,-10239.087370259269,4981.01215160891,14923.638382656094
18:36,-10417.956005658176,4778.114286035526,14866.28221889524
18:37,-10594.565513888429,4574.180288163127,14805.701097819936
18:38,-10768.877646786876,4369.254402478224,14741.908230589403
18:39,-10940.854655873958,4163.381086584731,14674.917524310464
18:40,-11110.45930049001,3956.6050015625333,14604.743578973788
18:41,-11277.654855833318,3748.9710022678423,14531.401684236347
18:42,-11442.405120872147,3540.524127610536,14454.90781606063
18:43,-11604.674426149291,3331.30959078562,14375.278633203492
18:44,-11764.427641478002,3121.3727694555437,14292.53147355555
18:45,-11921.630183513596,2910.7591959114043,14206.68435033563
18:46,-12076.248023194648,2699.514547216008,14117.755948147427
18:47,-12228.247693093332,2487.6846352745147,14025.765618875623
18:48,-12377.596294613222,2275.3153969224813,13930.733377454353
18:49,-12524.26150507757,2062.4528839643312,13832.67989748654
18:50,-12668.211584700546,1849.1432531833916,13731.62650671433
18:51,-12809.4153834127,1635.4327563476622,13627.595182363008
18:52,-12947.842347573427,1421.3677301851321,13520.608546333746
18:53,-13083.46252654861,1206.9945863413475,13410.689860262257
18:54,-13216.246579157765,992.3598013277239,13297.863020438801
18:55,-13346.165779989744,777.5099064497263,13182.152552591684
18:56,-13473.192025584454,562.4914777282552,13063.583606535172
18:57,-13597.297840479756,347.35112581362563,12942.181950683154
18:58,-13718.45638312255,132.13548588839936,12817.973966429527
18:59,-13836.641451642266,-83.10879242917858,12690.986642396701
19:00,-13951.827489485811,-298.33505519304185,12561.247568553332
19:01,-14063.989590912779,-513.4966542209546,12428.784930202579
19:02,-14173.103506349345,-728.5469572055455,12293.62750184226
19:03,-14279.145647600717,-943.4393577978392,12155.804640898074
19:04,-14382.093092919258,-1158.1272857098472,12015.346281331285
19:05,-14481.923591929642,-1372.5642167816573,11872.282927122435
19:06,-14578.615570407028,-1586.703683063506,11726.645645632105
19:07,-14672.14813491056,-1800.499282861582,11578.466060840561
19:08,-14762.501077268136,-2013.904690793181,11427.776346466115
19:09,-14849.654878911258,-2226.873667795699,11274.60921897134
19:10,-14933.590715065608,-2439.3600711450545,11118.997930441517
19:11,-15014.290458788699,-2651.317864439889,10960.976261352409
19:12,-15091.736684849908,-2862.7011275498267,10800.578513236507
19:13,-15165.912673470895,-3073.4640665614215,10637.839501215236
19:14,-15236.80241390655,-3283.561023685623,10472.794546431189
19:15,-15304.390607866688,-3492.946487121124,10305.47946838435
19:16,-15368.662672797986,-3701.575100917907,10135.930577130483
19:17,-15429.604744996515,-3909.401674773769,9964.184665404338
19:18,-15487.203682571031,-4116.38119380755,9790.279000626562
19:19,-15541.447068254307,-4322.468828305977,9614.251316796011
19:20,-15592.323212046502,-4527.619943408275,9436.13980630704
19:21,-15639.821153711659,-4731.790108758531,9255.983111647955
19:22,-15683.930665109283,-4934.935108117702,9073.820317010726
19:23,-15724.64225237156,-5137.010948917889,8889.690939804232
19:24,-15761.9471579182,-5337.973871778719,8703.634922074161
19:25,-15795.837362315066,-5537.780359961764,8515.692621831666
19:26,-15826.305585969476,-5736.3871487829965,8325.904804292344
19:27,-15853.34529066924,-5933.751234957903,8134.312633027774
19:28,-15876.950680956028,-6129.829885904221,7940.957661031195
19:29,-15897.1167053436,-6324.580648968942,7745.881821699554
19:30,-15913.839057370442,-6517.961360607005,7549.127419733648
19:31,-15927.114176492998,-6709.930155489126,7350.737121960094
19:32,-15936.939248816921,-6900.445475555996,7150.753948066153
19:33,-15943.312207665826,-7089.466078981522,6949.221261281849
19:34,-15946.231733990768,-7276.951049093386,6746.182758959154
19:35,-15945.697256614361,-7462.859803214144,6541.682463092996
19:36,-15941.708952314706,-7647.152101411449,6335.76471078865
19:37,-15934.267745747084,-7829.788055209945,6128.474144621951
19:38,-15923.37530920485,-8010.7281361831065,5919.855702980032
19:39,-15909.03406221643,-8189.933184498758,5709.954610306984
19:40,-15891.247170978868,-8367.364417383602,5498.816367289524
19:41,-15870.01854763701,-8542.983437475144,5286.4867410062825
19:42,-15845.352849391524,-8716.752241124714,5073.01175499756
19:43,-15817.255477453693,-8888.633226591965,4858.43767928996
19:44,-15785.732575832257,-9058.589202166218,4642.811020365096
19:45,-15750.791029967346,-9226.583394179082,4426.178511087978
19:46,-15712.43846519379,-9392.579454955652,4208.587100563715
19:47,-15670.683245054646,-9556.54147064194,3990.0839439716797
19:48,-15625.534469446633,-9718.433968953575,3770.7163923559438
19:49,-15577.001972613907,-9878.221926825187,3550.531982350655
19:50,-15525.09632097276,-10035.87077796778,3329.5784258896924
19:51,-15469.82881079088,-10191.346420310325,3107.9035998690943
19:52,-15411.21146569475,-10344.61522336071,2885.5555357782246
19:53,-15349.257034030214,-10495.644035450305,2662.58240928813
19:54,-15283.978986066066,-10644.400190867764,2439.032529835374
19:55,-15215.39151103016,-10790.851516912608,2214.954330145373
19:56,-15143.509514004294,-10934.966340815487,1990.396355745431
19:57,-15068.348612657986,-11076.713496556078,1765.4072544718772
19:58,-14989.925133825609,-11216.062331582301,1540.0357659144338
19:59,-14908.256109932643,-11352.9827134059,1314.3307108836552
20:00,-14823.359275277971,-11487.445036077856,1088.3409808426268
20:01,-14735.253062145937,-11619.420226574048,862.1155273194539
20:02,-14643.956596784466,-11748.87975104109,635.7033513149541
20:03,-14549.489695226843,-11875.795620933339,409.1534927092516
20:04,-14451.872858965917,-12000.140399030817,182.5150196459907
20:05,-14351.127270477022,-12121.887205340505,-44.16298208174912
20:06,-14247.274788602359,-12241.009722866274,-270.8314196391009
20:07,-14140.337943774806,-12357.48220327405,-497.44120378370314
20:08,-14030.339933114676,-12471.27947241204,-723.9432594644111
20:09,-13917.304615374256,-12582.376935717084,-950.2885364333202
20:10,-13801.256505733203,-12690.750583501205,-1176.4280198579202
20:11,-13682.220770464986,-12796.376996097637,-1402.3127409103336
20:12,-13560.22322146006,-12899.233348883581,-1627.89378734169
20:13,-13435.290310596616,-12999.297417183945,-1853.1223140758848
20:14,-13307.449123998744,-13096.547581023764,-2077.9495537370435
20:15,-13176.727376136509,-13190.962829768941,-2302.3268271935235
20:16,-13043.153403801722,-13282.522766622842,-2526.2055540795354
20:17,-12906.756159944489,-13371.207612997428,-2749.5372632802023
20:18,-12767.565207386235,-13456.998212740906,-2972.2736033984374
20:19,-12625.610712385662,-13539.876036244254,-3194.366353201368
20:20,-12480.923438097647,-13619.823184393812,-3415.767432021604
20:21,-12333.534737886504,-13696.822392402597,-3636.4289101354366
20:22,-12183.47654851981,-13770.857033495533,-3856.303019113577
20:23,-12030.781383227742,-13841.91112246632,-4075.342162128802
20:24,-11875.482324664605,-13909.969319075399,-4293.498924216602
20:25,-11717.61301771585,-13975.016931332968,-4510.7260825102985
20:26,-11557.207662206056,-14037.039918624718,-4726.976616426348
20:27,-11394.301005486072,-14096.02489470128,-4942.203717797979
20:28,-11228.928334895683,-14151.959130528136,-5156.360800974803
20:29,-11061.125470107743,-14204.830556994444,-5369.401512874455
20:30,-10890.928755386056,-14254.627767470198,-5581.279742949498
20:31,-10718.375051692266,-14301.340020233743,-5791.9496331487335
20:32,-10543.501728710167,-14344.957240745296,-6001.365587790872
20:33,-10366.346656749254,-14385.47002378174,-6209.482283392124
20:34,-10186.948198568518,-14422.869635420107,-6416.254678404793
20:35,-10005.34520102731,-14457.148014892418,-6621.638022970776
20:36,-9821.576986720236,-14488.297776273996,-6825.587868513851
20:37,-9635.683345446076,-14516.31221004407,-7028.06007733299
20:38,-9447.704525621602,-14541.185284486211,-7229.010832091314
20:39,-9257.681225551161,-14562.911646959714,-7428.396645265894
20:40,-9065.654584652475,-14581.486625006175,-7626.174368492485
20:41,-8871.666174546845,-14596.906227325378,-7822.301201861094
20:42,-8675.757990088927,-14609.16714459354,-8016.734703118081
20:43,-8477.972440275344,-14618.266750145629,-8209.432796806888
20:44,-8278.352339102365,-14624.203100497612,-8400.35378331217
20:45,-8076.940896299608,-14626.974935736756,-8589.456347836707
20:46,-7873.781708017308,-14626.58167975272,-8776.699569278193
20:47,-7668.918747400058,-14623.023440330946,-8962.042929036581
20:48,-7462.3963551067745,-14616.301009093713,-9145.446319719184
20:49,-7254.259229735962,-14606.415861296324,-9326.870053769493
20:50,-7044.552418169038,-14593.370155478364,-9506.274872005752
20:51,-6833.321305881136,-14577.16673296655,-9683.621952038839
20:52,-6620.611607124336,-14557.809117233372,-9858.872916635957
20:53,-6406.4693550852,-14535.3015131055,-10031.98984196114
20:54,-6190.940891958802,-14509.648805834715,-10202.935265718263
20:55,-5974.072858942875,-14480.85656001213,-10371.672195219206
20:56,-5755.912186205237,-14448.931018348176,-10538.164115312014
20:57,-5536.50608276637,-14413.879100300386,-10702.374996232731
20:58,-5315.902026317045,-14375.708400559513,-10864.26930135069
20:59,-5094.147752998225,-14334.427187391511,-11023.81199479716
21:00,-4871.291247121105,-14290.044400834626,-11180.968548991463
21:01,-4647.380730806723,-14242.569650749405,-11335.70495207424
21:02,-4422.464653678176,-14192.013214745817,-11487.987715161116
21:03,-4196.591682333122,-14138.386035933516,-11637.78387960124
21:04,-3969.8106899265094,-14081.69972055807,-11785.061024019511
21:05,-3742.1707456274544,-14021.966535486825,-11929.787271289923
21:06,-3513.7211040741877,-13959.199405553496,-12071.931295377886
21:07,-3284.5111947703294,-13893.411910765142,-12211.462328068987
21:08,-3054.5906114430463,-13824.618283363847,-12348.350165584552
21:09,-2824.0091013840174,-13752.833404758614,-12482.565175061141
21:10,-2592.8165547402014,-13678.072802311568,-12614.078300921792
21:11,-2361.062993777438,-13600.352645985322,-12742.861071123134
21:12,-2128.7985621436337,-13519.689744867781,-12868.885603257804
21:13,-1896.0735140657446,-13436.101543541532,-12992.124610560148
21:14,-1662.9382035454312,-13349.606118331652,-13112.551407765033
21:15,-1429.4430735474234,-13260.222173416567,-13230.139916840224
21:16,-1195.6386451310138,-13167.969036798886,-13344.864672600588
21:17,-961.5755066029574,-13072.866656151285,-13456.700828178753
21:18,-727.3043026453246,-12974.935594532419,-13565.624160364445
21:19,-492.8757234188742,-12874.1970259608,-13671.611074822793
21:20,-258.340493670326,-12770.672730869719,-13774.638611166565
21:21,-23.749361831862824,-12664.385091429402,-13874.684447897751
21:22,210.84691089541454,-12555.357086737904,-13971.7269072162
21:23,445.3975614425706,-12443.61228789268,-14065.744959684122
21:24,679.851835782449,-12329.174852932421,-14156.718228756907
21:25,914.1589998498574,-12212.069521650357,-14244.626995177669
21:26,1148.2683504444344,-12092.321610286395,-14329.452201229615
21:27,1382.1292261125463,-11969.957006106979,-14411.17545484079
21:28,1615.6910180618104,-11845.002161841425,-14489.77903356305
21:29,1848.9031810210881,-11717.484090020169,-14565.245888393067
21:30,2081.715244108066,-11587.430357184681,-14637.559647457281
21:31,2314.076821691764,-11454.869077970952,-14706.70461955758
21:32,2545.937624210196,-11319.82890909432,-14772.66579756179
21:33,2777.2474689876076,-11182.33904320518,-14835.428861657476
21:34,3007.956291028935,-11042.429202634361,-14894.980182456446
21:35,3238.0141537786944,-10900.129633027116,-14951.30682395356
21:36,3467.3712598618263,-10755.471096866513,-15004.396546336471
21:37,3695.9779617940544,-10608.484866881792,-15054.237808651322
21:38,3923.784772671351,-10459.20271934657,-15100.819771318183
21:39,4150.742376792111,-10307.65692728654,-15144.132298494253
21:40,4376.801640290699,-10153.88025355503,-15184.165960294535
21:41,4601.91362169725,-9997.905943824207,-15220.91203485742
21:42,4826.029582476276,-9839.767719463143,-15254.36251026194
21:43,5049.100997513186,-9679.49977031911,-15284.51008629397
21:44,5271.0795655691745,-9517.13674739036,-15311.348176062567
21:45,5491.917219666408,-9352.713755417364,-15334.87090746159
21:46,5711.566137453962,-9186.26634535488,-15355.073124483886
21:47,5929.978751510162,-9017.830506757595,-15371.950388380874
21:48,6147.107759571832,-8847.442660087116,-15385.498978668897
21:49,6362.90613475446,-8675.13964889152,-15395.71589398617
21:50,6577.327135669279,-8500.95873192872,-15402.59885279372
21:51,6790.324316503465,-8324.937575183887,-15406.146293925058
21:52,7001.851537047122,-8147.114243791565,-15406.357376982556
21:53,7211.862972634615,-7967.52719389029,-15403.231982579926
21:54,7420.313124036884,-7786.215264378878,-15396.770712431813
21:55,7627.156827280591,-7603.217668594676,-15386.974889289759
21:56,7832.349263399166,-7418.573985909381,-15373.846556724646
21:57,8035.845968111129,-7232.32415324628,-15357.388478755629
21:58,8237.602841426935,-7044.508456517574,-15337.604139325624
21:59,8437.576157176305,-6855.167521989925,-15314.49774162318
22:00,8635.722572462602,-6664.342307570477,-15288.074207251095
22:01,8831.999137034076,-6472.074094024389,-15258.33917524169
22:02,9026.363302576472,-6278.404476117845,-15225.29900091888
22:03,9218.772931917885,-6083.375353697866,-15188.960754607297
22:04,9409.186308151975,-5887.028922698984,-15149.33222018888
22:05,9597.562143677456,-5689.407666082925,-15106.421893504992
22:06,9783.859589131835,-5490.554344729705,-15060.23898061058
22:07,9968.038242251887,-5290.511988250118,-15010.793395872124
22:08,10150.05815664202,-5089.323885736657,-14958.095759912632
22:09,10329.879850421581,-4887.033576483519,-14902.157397413215
22:10,10507.464314813213,-4683.684840611277,-14842.990334752141
22:11,10682.77302259974,-4479.321689671415,-14780.607297503293
22:12,10855.767936492592,-4273.988357188301,-14715.021707780728
22:13,11026.411517411856,-4067.729289131098,-14646.247681428598
22:14,11194.666732636133,-3860.5891343705025,-14574.300025070661
22:15,11360.497063859604,-3652.612735072972,-14499.194233007061
22:16,11523.866515152255,-3443.8451170374096,-14420.946483957325
22:17,11684.739620786411,-3234.3314800192966,-14339.573637666657
22:18,11843.08145297209,-3024.1171879883295,-14255.093231356552
22:19,11998.857629469388,-2813.2477593646468,-14167.523476032695
22:20,12152.034321090609,-2601.76885720742,-14076.883252646301
22:21,12302.578259083602,-2389.72627937773,-13983.19210811067
22:22,12450.45674239734,-2177.165948666324,-13886.470251174154
22:23,12595.637644834405,-1964.1339028829025,-13786.73854814501
22:24,12738.08942206519,-1750.676284942301,-13684.018518485022
22:25,12877.78111854111,-1536.8393328931356,-13578.332330246843
22:26,13014.682374272787,-1322.6693699383327,-13469.70279537669
22:27,13148.763431473508,-1108.2127944451995,-13358.153364884782
22:28,13279.995141093726,-893.516069915826,-13243.708123861592
22:29,13408.34896921797,-678.625714938769,-13126.391786362998
22:30,13533.797003321377,-463.5882931594055,-13006.22969016637
22:31,13656.311958413715,-248.45040319030565,-12883.247791374399
22:32,13775.867183039993,-33.25866853883031,-12757.472658891249
22:33,13892.436665137995,181.94027247106848,-12628.931468774594
22:34,14005.99503778184,397.0997768063977,-12497.651998431147
22:35,14116.517584766147,612.1732068159877,-12363.662620703702
22:36,14223.980246061987,827.1139403277217,-12226.992297816658
22:37,14328.359623135864,1041.8753807604355,-12087.670575187713
22:38,14429.632984119908,1256.410967217867,-11945.7275751202
22:39,14527.778268844337,1470.674184579572,-11801.19399036346
22:40,14622.77409372518,1684.6185736004177,-11654.101077546893
22:41,14714.5997565048,1898.1977409770059,-11504.480650495361
22:42,14803.235240851956,2111.3653694307127,-11352.365073411094
22:43,14888.661220811842,2324.0752277603065,-11197.787253939236
22:44,14970.85906510368,2536.2811808808056,-11040.78063611891
22:45,15049.810841276523,2747.9371998493716,-10881.379193204819
22:46,15125.49931971036,2958.9973718759475,-10719.617420375762
22:47,15197.907977464996,3169.415910293569,-10555.530327333347
22:48,15267.021001982885,3379.1471645369634,-10389.153430768894
22:49,15332.823294631502,3588.1456300674313,-10220.522746734276
22:50,15395.300474092703,3796.365958267856,-10049.67478290219
22:51,15454.438879603154,4003.7629663349967,-9876.646530697912
22:52,15510.225574032234,4210.291647112707,-9701.475457341414
22:53,15562.64834680594,4415.907178903282,-9524.199497774656
22:54,15611.695716673825,4620.564935232796,-9344.857046487026
22:55,15657.356934317586,4824.220494595832,-9163.486949229073
22:56,15699.621984798461,5026.829650124081,-8980.128494645794
22:57,15738.481589848563,5228.348419255575,-8794.82140578231
22:58,15773.927210000575,5428.733053321927,-8607.605831512567
22:59,15805.951046555729,5627.940047104468,-8418.522337865115
23:00,15834.546043392127,5825.9261483439495,-8227.611899248714
23:01,15859.705888609313,6022.648367182944,-8034.915889598655
23:02,15881.42501601133,6218.063985563805,-7840.476073425611
23:03,15899.698606428923,6412.130566572302,-7644.334596769707
23:04,15914.522588874408,6604.805963724372,-7446.533978073904
23:05,15925.893641536675,6796.048330174183,-7247.11709898046
23:06,15933.809192608924,6985.816127885665,-7046.127195029515
23:07,15938.267420955797,7174.068136714604,-6843.607846290832
23:08,15939.26725661185,7360.763463442122,-6639.602967909288
23:09,15936.808381119108,7545.86155073526,-6434.1568005674135
23:10,15930.891227695807,7729.322186031271,-6227.313900887502
23:11,15921.516981244366,7911.105510339786,-6019.119131763349
23:12,15908.687578189178,8091.172026998271,-5809.617652599189
23:13,15892.405706151882,8269.482610326762,-5598.854909501336
23:14,15872.674803463651,8445.998514198882,-5386.876625405688
23:15,15849.49905850407,8620.68138056826,-5173.728790110392
23:16,15822.883408885116,8793.493247859442,-4959.4576502943755
23:17,15792.833540460555,8964.39655931439,-4744.109699443894
23:18,15759.355886176385,9133.354171237457,-4527.731667723427
23:19,15722.457624753108,9300.329361150096,-4310.370511804986
23:20,15682.14667920479,9465.285835856002,-4092.073404638261
23:21,15638.43171519112,9628.187739420186,-3872.887725163656
23:22,15591.322139207556,9788.999661042859,-3652.8610479925387
23:23,15540.828096614903,9947.686642835737,-3432.041133033368
23:24,15486.960469493433,10104.214187521422,-3210.4759150676796
23:25,15429.7308743483,10258.548266006354,-2988.2134932917456
23:26,15369.15165964038,10410.655324868438,-2765.3021208281766
23:27,15305.235903165412,10560.502293729813,-2541.7901941858936
23:28,15237.997409258725,10708.056592540881,-2317.7262426928964
23:29,15167.450705852943,10853.286138735008,-2093.1589179045077
23:30,15093.611041363602,10996.15935429481,-1868.1369829686632
23:31,15016.49438141682,11136.64517270395,-1642.709301962598
23:32,14936.117405426898,11274.713045769171,-1416.9248292400657
23:33,14852.497503001881,11410.332950355714,-1190.8325987062826
23:34,14765.652770201392,11543.475394988247,-964.4817131063838
23:35,14675.602005634077,11674.111426340622,-737.9213332969754
23:36,14582.36470639161,11802.21263561938,-511.2006674681226
23:37,14485.961063843413,11927.751164802434,-284.3689604126805
23:38,14386.411959266436,12050.699712774665,-57.4754827335148
23:39,14283.738959315186,12171.031541346176,169.43047993727976
23:40,14177.964311356202,12288.720481126364,396.2996377168493
23:41,14069.110938633748,12403.740937293427,623.0827072681391
23:42,13957.202435301737,12516.067895218093,849.7304225769233
23:43,13842.263061290492,12625.676925977323,1076.1935457455152
23:44,13724.317737037341,12732.544191725752,1302.4228777638075
23:45,13603.392038064705,12836.646450941671,1528.3692692919471
23:46,13479.512189412322,12937.961063542887,1753.983631413763
23:47,13352.705059925976,13036.465995866629,1979.2169463950686
23:48,13222.998156404372,13132.13982551647,2204.0202784078856
23:49,13090.419617602789,13224.96174607294,2428.34478425628
23:50,12954.998208098876,13314.911571667843,2652.14172406502
23:51,12816.763312014184,13401.969741423922,2875.362471961452
23:52,12675.744926592359,13486.11732376006,3097.958526734238
23:53,12531.973655670829,13567.33602053658,3319.881522430429
23:54,12385.480702975668,13645.608171089798,3541.083238972874
23:55,12236.297865314807,13720.916756102088,3761.5156127127507
23:56,12084.457525629288,13793.245401340526,3981.130746947804
23:57,11929.992645901304,13862.578381254936,4199.880922435893
23:58,11772.93675996472,13928.900622418447,4417.718607819987
23:59,11613.323966161577,13992.197706838635,4634.596470045566
